metric,contrast,n_control,n_disease,difference_disease_minus_control,ci_low,ci_high,hedges_g,p_welch,p_mannwhitney,mannwhitney_method,note,p_welch_holm
time_to_key_seconds,blind_minus_normal_dom,11,5,-6.308941472116916,-22.88524509362965,10.267362149395815,-0.8212273842948177,0.3515683418930425,0.5096153846153847,exact,,1.0
time_to_key_seconds,blind_minus_normal_ndom,11,5,-0.18252070301817147,-5.1886059094349335,4.823564503398591,-0.06823164225996409,0.9269560587363931,0.5833333333333334,exact,,1.0
time_to_key_seconds,ndom_minus_dom_normal,11,5,-10.910626642699727,-38.13897430738807,16.317721021988618,-0.8761523520377216,0.3285780008411952,0.08974358974358976,exact,,1.0
time_to_key_seconds,ndom_minus_dom_blind,11,5,-4.784205873600982,-20.414111088856664,10.845699341654703,-0.6423926330070183,0.4469628667322977,0.9130036630036632,exact,,1.0
post_key_duration_seconds,blind_minus_normal_dom,11,5,3.3810291551265212,-6.622911301319771,13.384969611572814,0.7112037464363281,0.404595029228968,0.7426739926739928,exact,,1.0
post_key_duration_seconds,blind_minus_normal_ndom,11,5,-0.38195214940043853,-3.466846447448442,2.7029421486475655,-0.1501461939104188,0.7804446623992394,0.9130036630036632,exact,,1.0
post_key_duration_seconds,ndom_minus_dom_normal,11,5,1.254353210236495,-1.3900441677768227,3.8987505882498126,0.8419629546511906,0.2724825709409588,0.3195970695970696,exact,,1.0
post_key_duration_seconds,ndom_minus_dom_blind,11,5,-2.5086280942904646,-12.771323757616768,7.754067569035838,-0.46704787598099834,0.5457817476145133,0.8269230769230771,exact,,1.0
recording_duration_seconds,blind_minus_normal_dom,11,5,-2.9279123169903953,-10.210596860851195,4.354772226870406,-0.7822745914282618,0.3360017472953837,0.37728937728937734,exact,,1.0
recording_duration_seconds,blind_minus_normal_ndom,11,5,-0.5644728524186102,-8.492860671398663,7.363914966561442,-0.1410297425937577,0.8562555881647275,0.9130036630036632,exact,,1.0
recording_duration_seconds,ndom_minus_dom_normal,11,5,-9.656273432463232,-35.02618227052668,15.71363540560022,-0.828022077634309,0.35092819367674744,0.440934065934066,exact,,1.0
recording_duration_seconds,ndom_minus_dom_blind,11,5,-7.292833967891447,-32.967513628957406,18.38184569317451,-0.6027360180156683,0.47720729165811415,0.7426739926739928,exact,,1.0
