experiment_type,metric,n_control,n_disease,difference_disease_minus_control,ci_low,ci_high,hedges_g,p_welch,p_mannwhitney,mannwhitney_method,note,p_welch_holm,p_mannwhitney_holm
normal_dom,time_to_key_seconds,11,5,13.540692326472024,-19.291120654699952,46.372505307644005,0.9051954907536374,0.3160799950490828,0.0004578754578754579,exact,,1.0,0.005494505494505494
normal_dom,post_key_duration_seconds,11,5,2.563058300300341,0.8256468428672774,4.300469757733405,2.482555879153199,0.01280971685058012,0.0004578754578754579,exact,,0.15371660220696146,0.005494505494505494
normal_dom,recording_duration_seconds,11,5,16.103750626772364,-17.41549826642495,49.62299951996968,1.0534751860750033,0.25321544556065406,0.0004578754578754579,exact,,1.0,0.005494505494505494
normal_ndom,time_to_key_seconds,11,5,2.630065683772297,-3.0371146458159717,8.297246013360565,0.9181998150002412,0.27391763739955566,0.18040293040293043,exact,,1.0,0.22985347985347987
normal_ndom,post_key_duration_seconds,11,5,3.8174115105368362,0.82478449199533,6.8100385290783425,2.3029425008676694,0.022608673660509837,0.0009157509157509158,exact,,0.24062961031384428,0.008241758241758242
normal_ndom,recording_duration_seconds,11,5,6.4474771943091325,-1.906180642137481,14.801135030755745,1.5438968295493412,0.10038763299859921,0.003205128205128205,exact,,0.7027134309901945,0.02564102564102564
blind_dom,time_to_key_seconds,11,5,7.2317508543551074,-8.98568016356874,23.449181872278956,0.9670728073079019,0.28422001080091497,0.005494505494505494,exact,,1.0,0.03846153846153846
blind_dom,post_key_duration_seconds,11,5,5.944087455426861,-4.674261040603668,16.562435951457392,1.1652144497829566,0.1976652524059308,0.11492673992673993,exact,,1.0,0.22985347985347987
blind_dom,recording_duration_seconds,11,5,13.17583830978197,-13.480942590234939,39.83261920979888,1.0720162982212098,0.24261334524102188,0.01327838827838828,exact,,1.0,0.07967032967032968
blind_ndom,time_to_key_seconds,11,5,2.4475449807541256,-0.31027699546930654,5.205366956977558,1.3834226380293366,0.0720044411175856,0.06868131868131869,exact,,0.5760355289406848,0.20604395604395606
blind_ndom,post_key_duration_seconds,11,5,3.435459361136398,0.6333635325385112,6.237555189734285,1.371644353262133,0.021875419119440388,0.01327838827838828,exact,,0.24062961031384428,0.07967032967032968
blind_ndom,recording_duration_seconds,11,5,5.883004341890523,0.9802303472020562,10.78577833657899,1.895773320540881,0.026932223285914544,0.01327838827838828,exact,,0.2423900095732309,0.07967032967032968
