trial_id,subject_name,group,experiment_type,status,frames_recorded,duration_seconds,dominant_hand,csv_path,metadata_path,error
Consti/blind_dom_2026-10-08_15-06-38_039322,Consti,control,blind_dom,completed,119,8.641591941000115,right,/home/jakub/Projects/proj/data/Consti/blind_dom_2026-10-08_15-06-38_039322/hand_data.csv,/home/jakub/Projects/proj/data/Consti/blind_dom_2026-10-08_15-06-38_039322/metadata.json,
Consti/blind_dom_2026-10-08_15-07-40_143253,Consti,control,blind_dom,completed,93,6.754533664000064,right,/home/jakub/Projects/proj/data/Consti/blind_dom_2026-10-08_15-07-40_143253/hand_data.csv,/home/jakub/Projects/proj/data/Consti/blind_dom_2026-10-08_15-07-40_143253/metadata.json,
Consti/blind_ndom_2026-10-08_15-07-24_080716,Consti,control,blind_ndom,completed,115,8.4150000059999,right,/home/jakub/Projects/proj/data/Consti/blind_ndom_2026-10-08_15-07-24_080716/hand_data.csv,/home/jakub/Projects/proj/data/Consti/blind_ndom_2026-10-08_15-07-24_080716/metadata.json,
Consti/blind_ndom_2026-10-08_15-08-40_381941,Consti,control,blind_ndom,completed,72,5.23905657899968,right,/home/jakub/Projects/proj/data/Consti/blind_ndom_2026-10-08_15-08-40_381941/hand_data.csv,/home/jakub/Projects/proj/data/Consti/blind_ndom_2026-10-08_15-08-40_381941/metadata.json,
Consti/normal_dom_2026-10-08_15-06-57_405008,Consti,control,normal_dom,completed,84,6.13674472699995,right,/home/jakub/Projects/proj/data/Consti/normal_dom_2026-10-08_15-06-57_405008/hand_data.csv,/home/jakub/Projects/proj/data/Consti/normal_dom_2026-10-08_15-06-57_405008/metadata.json,
Consti/normal_dom_2026-10-08_15-08-53_044838,Consti,control,normal_dom,completed,63,4.575859862000016,right,/home/jakub/Projects/proj/data/Consti/normal_dom_2026-10-08_15-08-53_044838/hand_data.csv,/home/jakub/Projects/proj/data/Consti/normal_dom_2026-10-08_15-08-53_044838/metadata.json,
Consti/normal_ndom_2026-10-08_15-05-33_498500,Consti,control,normal_ndom,completed,82,5.989848531000007,right,/home/jakub/Projects/proj/data/Consti/normal_ndom_2026-10-08_15-05-33_498500/hand_data.csv,/home/jakub/Projects/proj/data/Consti/normal_ndom_2026-10-08_15-05-33_498500/metadata.json,
Consti/normal_ndom_2026-10-08_15-08-26_876377,Consti,control,normal_ndom,completed,64,4.647506162000354,right,/home/jakub/Projects/proj/data/Consti/normal_ndom_2026-10-08_15-08-26_876377/hand_data.csv,/home/jakub/Projects/proj/data/Consti/normal_ndom_2026-10-08_15-08-26_876377/metadata.json,
Elena/blind_dom_2026-10-07_16-20-50_742105,Elena,control,blind_dom,completed,243,10.101178273998812,right,/home/jakub/Projects/proj/data/Elena/blind_dom_2026-10-07_16-20-50_742105/hand_data.csv,/home/jakub/Projects/proj/data/Elena/blind_dom_2026-10-07_16-20-50_742105/metadata.json,
Elena/blind_ndom_2026-10-07_16-20-32_040469,Elena,control,blind_ndom,completed,157,6.547582932998921,right,/home/jakub/Projects/proj/data/Elena/blind_ndom_2026-10-07_16-20-32_040469/hand_data.csv,/home/jakub/Projects/proj/data/Elena/blind_ndom_2026-10-07_16-20-32_040469/metadata.json,
Elena/normal_dom_2026-10-07_16-20-13_904486,Elena,control,normal_dom,completed,125,5.213980200998776,right,/home/jakub/Projects/proj/data/Elena/normal_dom_2026-10-07_16-20-13_904486/hand_data.csv,/home/jakub/Projects/proj/data/Elena/normal_dom_2026-10-07_16-20-13_904486/metadata.json,
Elena/normal_ndom_2026-10-07_16-19-03_281416,Elena,control,normal_ndom,completed,134,5.55350012299823,right,/home/jakub/Projects/proj/data/Elena/normal_ndom_2026-10-07_16-19-03_281416/hand_data.csv,/home/jakub/Projects/proj/data/Elena/normal_ndom_2026-10-07_16-19-03_281416/metadata.json,
Katharina/blind_dom_2026-10-07_16-41-17_944735,Katharina,control,blind_dom,completed,153,6.356821377001324,right,/home/jakub/Projects/proj/data/Katharina/blind_dom_2026-10-07_16-41-17_944735/hand_data.csv,/home/jakub/Projects/proj/data/Katharina/blind_dom_2026-10-07_16-41-17_944735/metadata.json,
Katharina/blind_ndom_2026-10-07_16-40-35_745860,Katharina,control,blind_ndom,completed,245,10.231810908000625,right,/home/jakub/Projects/proj/data/Katharina/blind_ndom_2026-10-07_16-40-35_745860/hand_data.csv,/home/jakub/Projects/proj/data/Katharina/blind_ndom_2026-10-07_16-40-35_745860/metadata.json,
Katharina/normal_dom_2026-10-07_16-38-40_830466,Katharina,control,normal_dom,completed,132,5.54840310399959,right,/home/jakub/Projects/proj/data/Katharina/normal_dom_2026-10-07_16-38-40_830466/hand_data.csv,/home/jakub/Projects/proj/data/Katharina/normal_dom_2026-10-07_16-38-40_830466/metadata.json,
Katharina/normal_ndom_2026-10-07_16-41-02_042205,Katharina,control,normal_ndom,completed,140,5.798105582001881,right,/home/jakub/Projects/proj/data/Katharina/normal_ndom_2026-10-07_16-41-02_042205/hand_data.csv,/home/jakub/Projects/proj/data/Katharina/normal_ndom_2026-10-07_16-41-02_042205/metadata.json,
Lisa-Marie/blind_dom_2026-10-07_15-54-51_777434,Lisa-Marie,control,blind_dom,completed,123,5.208601464997628,right,/home/jakub/Projects/proj/data/Lisa-Marie/blind_dom_2026-10-07_15-54-51_777434/hand_data.csv,/home/jakub/Projects/proj/data/Lisa-Marie/blind_dom_2026-10-07_15-54-51_777434/metadata.json,
Lisa-Marie/blind_ndom_2026-10-07_15-55-40_446473,Lisa-Marie,control,blind_ndom,completed,131,5.455848842000705,right,/home/jakub/Projects/proj/data/Lisa-Marie/blind_ndom_2026-10-07_15-55-40_446473/hand_data.csv,/home/jakub/Projects/proj/data/Lisa-Marie/blind_ndom_2026-10-07_15-55-40_446473/metadata.json,
Lisa-Marie/normal_dom_2026-10-07_15-55-15_696854,Lisa-Marie,control,normal_dom,completed,103,4.3113087989986525,right,/home/jakub/Projects/proj/data/Lisa-Marie/normal_dom_2026-10-07_15-55-15_696854/hand_data.csv,/home/jakub/Projects/proj/data/Lisa-Marie/normal_dom_2026-10-07_15-55-15_696854/metadata.json,
Lisa-Marie/normal_ndom_2026-10-07_15-55-26_395054,Lisa-Marie,control,normal_ndom,completed,91,3.8250853230019857,right,/home/jakub/Projects/proj/data/Lisa-Marie/normal_ndom_2026-10-07_15-55-26_395054/hand_data.csv,/home/jakub/Projects/proj/data/Lisa-Marie/normal_ndom_2026-10-07_15-55-26_395054/metadata.json,
Philipp/blind_dom_2026-10-07_16-23-57_205965,Philipp,control,blind_dom,completed,121,5.197650281999813,right,/home/jakub/Projects/proj/data/Philipp/blind_dom_2026-10-07_16-23-57_205965/hand_data.csv,/home/jakub/Projects/proj/data/Philipp/blind_dom_2026-10-07_16-23-57_205965/metadata.json,
Philipp/blind_ndom_2026-10-07_16-22-47_940537,Philipp,control,blind_ndom,completed,191,8.202668333000474,right,/home/jakub/Projects/proj/data/Philipp/blind_ndom_2026-10-07_16-22-47_940537/hand_data.csv,/home/jakub/Projects/proj/data/Philipp/blind_ndom_2026-10-07_16-22-47_940537/metadata.json,
Philipp/normal_dom_2026-10-07_16-24-31_616439,Philipp,control,normal_dom,completed,108,4.624045239001134,right,/home/jakub/Projects/proj/data/Philipp/normal_dom_2026-10-07_16-24-31_616439/hand_data.csv,/home/jakub/Projects/proj/data/Philipp/normal_dom_2026-10-07_16-24-31_616439/metadata.json,
Philipp/normal_ndom_2026-10-07_16-24-13_117061,Philipp,control,normal_ndom,completed,163,7.070687213999918,right,/home/jakub/Projects/proj/data/Philipp/normal_ndom_2026-10-07_16-24-13_117061/hand_data.csv,/home/jakub/Projects/proj/data/Philipp/normal_ndom_2026-10-07_16-24-13_117061/metadata.json,
Yoconda/blind_dom_2026-10-07_16-31-21_167727,Yoconda,control,blind_dom,completed,258,11.054271713001071,right,/home/jakub/Projects/proj/data/Yoconda/blind_dom_2026-10-07_16-31-21_167727/hand_data.csv,/home/jakub/Projects/proj/data/Yoconda/blind_dom_2026-10-07_16-31-21_167727/metadata.json,
Yoconda/blind_ndom_2026-10-07_16-30-57_039345,Yoconda,control,blind_ndom,completed,196,8.400853864000965,right,/home/jakub/Projects/proj/data/Yoconda/blind_ndom_2026-10-07_16-30-57_039345/hand_data.csv,/home/jakub/Projects/proj/data/Yoconda/blind_ndom_2026-10-07_16-30-57_039345/metadata.json,
Yoconda/normal_dom_2026-10-07_16-31-42_534878,Yoconda,control,normal_dom,completed,126,5.479361354002322,right,/home/jakub/Projects/proj/data/Yoconda/normal_dom_2026-10-07_16-31-42_534878/hand_data.csv,/home/jakub/Projects/proj/data/Yoconda/normal_dom_2026-10-07_16-31-42_534878/metadata.json,
Yoconda/normal_ndom_2026-10-07_16-31-59_658208,Yoconda,control,normal_ndom,completed,106,4.526638751998689,right,/home/jakub/Projects/proj/data/Yoconda/normal_ndom_2026-10-07_16-31-59_658208/hand_data.csv,/home/jakub/Projects/proj/data/Yoconda/normal_ndom_2026-10-07_16-31-59_658208/metadata.json,
Yoconda1/blind_dom_2026-10-07_16-35-40_167835,Yoconda1,control,blind_dom,completed,173,7.527918567000597,right,/home/jakub/Projects/proj/data/Yoconda1/blind_dom_2026-10-07_16-35-40_167835/hand_data.csv,/home/jakub/Projects/proj/data/Yoconda1/blind_dom_2026-10-07_16-35-40_167835/metadata.json,
Yoconda1/blind_ndom_2026-10-07_16-36-38_535279,Yoconda1,control,blind_ndom,completed,181,7.789575489001436,right,/home/jakub/Projects/proj/data/Yoconda1/blind_ndom_2026-10-07_16-36-38_535279/hand_data.csv,/home/jakub/Projects/proj/data/Yoconda1/blind_ndom_2026-10-07_16-36-38_535279/metadata.json,
Yoconda1/normal_dom_2026-10-07_16-36-21_841507,Yoconda1,control,normal_dom,completed,139,6.013643412999954,right,/home/jakub/Projects/proj/data/Yoconda1/normal_dom_2026-10-07_16-36-21_841507/hand_data.csv,/home/jakub/Projects/proj/data/Yoconda1/normal_dom_2026-10-07_16-36-21_841507/metadata.json,
Yoconda1/normal_ndom_2026-10-07_16-36-06_567445,Yoconda1,control,normal_ndom,completed,101,4.326646343000903,right,/home/jakub/Projects/proj/data/Yoconda1/normal_ndom_2026-10-07_16-36-06_567445/hand_data.csv,/home/jakub/Projects/proj/data/Yoconda1/normal_ndom_2026-10-07_16-36-06_567445/metadata.json,
emily/blind_dom_2026-10-08_14-27-59_680672,emily,control,blind_dom,completed,138,8.967263763999881,right,/home/jakub/Projects/proj/data/emily/blind_dom_2026-10-08_14-27-59_680672/hand_data.csv,/home/jakub/Projects/proj/data/emily/blind_dom_2026-10-08_14-27-59_680672/metadata.json,
emily/blind_dom_2026-10-08_14-29-52_006649,emily,control,blind_dom,completed,95,6.926560256999892,right,/home/jakub/Projects/proj/data/emily/blind_dom_2026-10-08_14-29-52_006649/hand_data.csv,/home/jakub/Projects/proj/data/emily/blind_dom_2026-10-08_14-29-52_006649/metadata.json,
emily/blind_ndom_2026-10-08_14-28-47_045103,emily,control,blind_ndom,completed,247,13.588505523000094,right,/home/jakub/Projects/proj/data/emily/blind_ndom_2026-10-08_14-28-47_045103/hand_data.csv,/home/jakub/Projects/proj/data/emily/blind_ndom_2026-10-08_14-28-47_045103/metadata.json,
emily/blind_ndom_2026-10-08_14-29-09_327188,emily,control,blind_ndom,completed,80,5.773995918000082,right,/home/jakub/Projects/proj/data/emily/blind_ndom_2026-10-08_14-29-09_327188/hand_data.csv,/home/jakub/Projects/proj/data/emily/blind_ndom_2026-10-08_14-29-09_327188/metadata.json,
emily/normal_dom_2026-10-08_14-28-30_245799,emily,control,normal_dom,completed,136,8.739918261999946,right,/home/jakub/Projects/proj/data/emily/normal_dom_2026-10-08_14-28-30_245799/hand_data.csv,/home/jakub/Projects/proj/data/emily/normal_dom_2026-10-08_14-28-30_245799/metadata.json,
emily/normal_dom_2026-10-08_14-30-08_205258,emily,control,normal_dom,completed,86,6.273226697999917,right,/home/jakub/Projects/proj/data/emily/normal_dom_2026-10-08_14-30-08_205258/hand_data.csv,/home/jakub/Projects/proj/data/emily/normal_dom_2026-10-08_14-30-08_205258/metadata.json,
emily/normal_ndom_2026-10-08_14-26-39_076998,emily,control,normal_ndom,completed,188,11.277839406000112,right,/home/jakub/Projects/proj/data/emily/normal_ndom_2026-10-08_14-26-39_076998/hand_data.csv,/home/jakub/Projects/proj/data/emily/normal_ndom_2026-10-08_14-26-39_076998/metadata.json,
emily/normal_ndom_2026-10-08_14-29-34_284132,emily,control,normal_ndom,completed,98,7.152035304000037,right,/home/jakub/Projects/proj/data/emily/normal_ndom_2026-10-08_14-29-34_284132/hand_data.csv,/home/jakub/Projects/proj/data/emily/normal_ndom_2026-10-08_14-29-34_284132/metadata.json,
jakub/blind_dom_2026-10-07_15-52-21_858210,jakub,control,blind_dom,completed,99,4.179216044998611,right,/home/jakub/Projects/proj/data/jakub/blind_dom_2026-10-07_15-52-21_858210/hand_data.csv,/home/jakub/Projects/proj/data/jakub/blind_dom_2026-10-07_15-52-21_858210/metadata.json,
jakub/blind_dom_2026-10-08_09-55-16_164183,jakub,control,blind_dom,cancelled,0,0.0,right,/home/jakub/Projects/proj/data/jakub/blind_dom_2026-10-08_09-55-16_164183/hand_data.csv,/home/jakub/Projects/proj/data/jakub/blind_dom_2026-10-08_09-55-16_164183/metadata.json,
jakub/blind_ndom_2026-10-07_15-51-48_375727,jakub,control,blind_ndom,completed,205,8.97123012999873,right,/home/jakub/Projects/proj/data/jakub/blind_ndom_2026-10-07_15-51-48_375727/hand_data.csv,/home/jakub/Projects/proj/data/jakub/blind_ndom_2026-10-07_15-51-48_375727/metadata.json,
jakub/normal_dom_2026-10-07_15-49-44_886709,jakub,control,normal_dom,completed,106,4.637008648001938,right,/home/jakub/Projects/proj/data/jakub/normal_dom_2026-10-07_15-49-44_886709/hand_data.csv,/home/jakub/Projects/proj/data/jakub/normal_dom_2026-10-07_15-49-44_886709/metadata.json,
jakub/normal_dom_2026-10-08_09-52-29_872002,jakub,control,normal_dom,cancelled,0,0.0,right,/home/jakub/Projects/proj/data/jakub/normal_dom_2026-10-08_09-52-29_872002/hand_data.csv,/home/jakub/Projects/proj/data/jakub/normal_dom_2026-10-08_09-52-29_872002/metadata.json,
jakub/normal_ndom_2026-10-07_15-52-10_103763,jakub,control,normal_ndom,completed,92,3.8970414100003836,right,/home/jakub/Projects/proj/data/jakub/normal_ndom_2026-10-07_15-52-10_103763/hand_data.csv,/home/jakub/Projects/proj/data/jakub/normal_ndom_2026-10-07_15-52-10_103763/metadata.json,
lars/blind_dom_2026-10-08_14-53-24_309456,lars,control,blind_dom,completed,129,8.784933549000016,right,/home/jakub/Projects/proj/data/lars/blind_dom_2026-10-08_14-53-24_309456/hand_data.csv,/home/jakub/Projects/proj/data/lars/blind_dom_2026-10-08_14-53-24_309456/metadata.json,
lars/blind_dom_2026-10-08_14-54-40_988943,lars,control,blind_dom,completed,79,5.7297960430000785,right,/home/jakub/Projects/proj/data/lars/blind_dom_2026-10-08_14-54-40_988943/hand_data.csv,/home/jakub/Projects/proj/data/lars/blind_dom_2026-10-08_14-54-40_988943/metadata.json,
lars/blind_ndom_2026-10-08_14-53-42_937844,lars,control,blind_ndom,completed,110,7.834560906999741,right,/home/jakub/Projects/proj/data/lars/blind_ndom_2026-10-08_14-53-42_937844/hand_data.csv,/home/jakub/Projects/proj/data/lars/blind_ndom_2026-10-08_14-53-42_937844/metadata.json,
lars/blind_ndom_2026-10-08_14-54-59_148651,lars,control,blind_ndom,completed,94,6.7690438800000265,right,/home/jakub/Projects/proj/data/lars/blind_ndom_2026-10-08_14-54-59_148651/hand_data.csv,/home/jakub/Projects/proj/data/lars/blind_ndom_2026-10-08_14-54-59_148651/metadata.json,
lars/normal_dom_2026-10-08_14-53-05_123657,lars,control,normal_dom,completed,98,7.0962277749999885,right,/home/jakub/Projects/proj/data/lars/normal_dom_2026-10-08_14-53-05_123657/hand_data.csv,/home/jakub/Projects/proj/data/lars/normal_dom_2026-10-08_14-53-05_123657/metadata.json,
lars/normal_dom_2026-10-08_14-53-59_401486,lars,control,normal_dom,completed,68,4.95412134199978,right,/home/jakub/Projects/proj/data/lars/normal_dom_2026-10-08_14-53-59_401486/hand_data.csv,/home/jakub/Projects/proj/data/lars/normal_dom_2026-10-08_14-53-59_401486/metadata.json,
lars/normal_ndom_2026-10-08_14-51-26_212313,lars,control,normal_ndom,completed,86,6.314298279000013,right,/home/jakub/Projects/proj/data/lars/normal_ndom_2026-10-08_14-51-26_212313/hand_data.csv,/home/jakub/Projects/proj/data/lars/normal_ndom_2026-10-08_14-51-26_212313/metadata.json,
lars/normal_ndom_2026-10-08_14-54-25_229659,lars,control,normal_ndom,completed,90,6.5516057280001405,right,/home/jakub/Projects/proj/data/lars/normal_ndom_2026-10-08_14-54-25_229659/hand_data.csv,/home/jakub/Projects/proj/data/lars/normal_ndom_2026-10-08_14-54-25_229659/metadata.json,
marius/blind_dom_2026-10-07_15-57-56_512641,marius,control,blind_dom,completed,154,6.51569903500058,right,/home/jakub/Projects/proj/data/marius/blind_dom_2026-10-07_15-57-56_512641/hand_data.csv,/home/jakub/Projects/proj/data/marius/blind_dom_2026-10-07_15-57-56_512641/metadata.json,
marius/blind_ndom_2026-10-07_15-57-09_446584,marius,control,blind_ndom,completed,339,14.238038554001832,right,/home/jakub/Projects/proj/data/marius/blind_ndom_2026-10-07_15-57-09_446584/hand_data.csv,/home/jakub/Projects/proj/data/marius/blind_ndom_2026-10-07_15-57-09_446584/metadata.json,
marius/normal_dom_2026-10-07_15-56-39_344082,marius,control,normal_dom,completed,109,4.5479036690012435,right,/home/jakub/Projects/proj/data/marius/normal_dom_2026-10-07_15-56-39_344082/hand_data.csv,/home/jakub/Projects/proj/data/marius/normal_dom_2026-10-07_15-56-39_344082/metadata.json,
marius/normal_ndom_2026-10-07_15-57-35_120955,marius,control,normal_ndom,completed,209,8.789728144998662,right,/home/jakub/Projects/proj/data/marius/normal_ndom_2026-10-07_15-57-35_120955/hand_data.csv,/home/jakub/Projects/proj/data/marius/normal_ndom_2026-10-07_15-57-35_120955/metadata.json,
ms1/blind_dom_2026-10-08_11-50-29_781694,ms1,disease,blind_dom,completed,253,14.576560007999888,right,/home/jakub/Projects/proj/data/ms1/blind_dom_2026-10-08_11-50-29_781694/hand_data.csv,/home/jakub/Projects/proj/data/ms1/blind_dom_2026-10-08_11-50-29_781694/metadata.json,
ms1/blind_dom_2026-10-08_11-58-32_115345,ms1,disease,blind_dom,completed,130,9.241821305999792,right,/home/jakub/Projects/proj/data/ms1/blind_dom_2026-10-08_11-58-32_115345/hand_data.csv,/home/jakub/Projects/proj/data/ms1/blind_dom_2026-10-08_11-58-32_115345/metadata.json,
ms1/blind_ndom_2026-10-08_11-54-08_879968,ms1,disease,blind_ndom,completed,446,23.125849161999895,right,/home/jakub/Projects/proj/data/ms1/blind_ndom_2026-10-08_11-54-08_879968/hand_data.csv,/home/jakub/Projects/proj/data/ms1/blind_ndom_2026-10-08_11-54-08_879968/metadata.json,
ms1/blind_ndom_2026-10-08_11-59-19_166217,ms1,disease,blind_ndom,completed,148,10.099071248999962,right,/home/jakub/Projects/proj/data/ms1/blind_ndom_2026-10-08_11-59-19_166217/hand_data.csv,/home/jakub/Projects/proj/data/ms1/blind_ndom_2026-10-08_11-59-19_166217/metadata.json,
ms1/normal_dom_2026-10-08_11-55-12_796731,ms1,disease,normal_dom,completed,131,9.089772720999918,right,/home/jakub/Projects/proj/data/ms1/normal_dom_2026-10-08_11-55-12_796731/hand_data.csv,/home/jakub/Projects/proj/data/ms1/normal_dom_2026-10-08_11-55-12_796731/metadata.json,
ms1/normal_dom_2026-10-08_11-56-14_885554,ms1,disease,normal_dom,completed,106,7.786825350000072,right,/home/jakub/Projects/proj/data/ms1/normal_dom_2026-10-08_11-56-14_885554/hand_data.csv,/home/jakub/Projects/proj/data/ms1/normal_dom_2026-10-08_11-56-14_885554/metadata.json,
ms1/normal_ndom_2026-10-08_11-55-51_467077,ms1,disease,normal_ndom,completed,127,9.164711505000014,right,/home/jakub/Projects/proj/data/ms1/normal_ndom_2026-10-08_11-55-51_467077/hand_data.csv,/home/jakub/Projects/proj/data/ms1/normal_ndom_2026-10-08_11-55-51_467077/metadata.json,
ms1/normal_ndom_2026-10-08_11-58-55_502085,ms1,disease,normal_ndom,completed,121,8.65770286399993,right,/home/jakub/Projects/proj/data/ms1/normal_ndom_2026-10-08_11-58-55_502085/hand_data.csv,/home/jakub/Projects/proj/data/ms1/normal_ndom_2026-10-08_11-58-55_502085/metadata.json,
ms2/blind_dom_2026-10-08_12-04-22_038649,ms2,disease,blind_dom,completed,125,8.27097563999996,right,/home/jakub/Projects/proj/data/ms2/blind_dom_2026-10-08_12-04-22_038649/hand_data.csv,/home/jakub/Projects/proj/data/ms2/blind_dom_2026-10-08_12-04-22_038649/metadata.json,
ms2/blind_dom_2026-10-08_12-06-19_612485,ms2,disease,blind_dom,completed,82,5.828091557999869,right,/home/jakub/Projects/proj/data/ms2/blind_dom_2026-10-08_12-06-19_612485/hand_data.csv,/home/jakub/Projects/proj/data/ms2/blind_dom_2026-10-08_12-06-19_612485/metadata.json,
ms2/blind_ndom_2026-10-08_12-04-53_339163,ms2,disease,blind_ndom,completed,97,6.833086816000105,right,/home/jakub/Projects/proj/data/ms2/blind_ndom_2026-10-08_12-04-53_339163/hand_data.csv,/home/jakub/Projects/proj/data/ms2/blind_ndom_2026-10-08_12-04-53_339163/metadata.json,
ms2/blind_ndom_2026-10-08_12-07-00_669058,ms2,disease,blind_ndom,completed,160,9.742696695999712,right,/home/jakub/Projects/proj/data/ms2/blind_ndom_2026-10-08_12-07-00_669058/hand_data.csv,/home/jakub/Projects/proj/data/ms2/blind_ndom_2026-10-08_12-07-00_669058/metadata.json,
ms2/normal_dom_2026-10-08_12-02-42_970166,ms2,disease,normal_dom,completed,201,11.465022507999947,right,/home/jakub/Projects/proj/data/ms2/normal_dom_2026-10-08_12-02-42_970166/hand_data.csv,/home/jakub/Projects/proj/data/ms2/normal_dom_2026-10-08_12-02-42_970166/metadata.json,
ms2/normal_dom_2026-10-08_12-05-54_487484,ms2,disease,normal_dom,completed,72,5.057655371999772,right,/home/jakub/Projects/proj/data/ms2/normal_dom_2026-10-08_12-05-54_487484/hand_data.csv,/home/jakub/Projects/proj/data/ms2/normal_dom_2026-10-08_12-05-54_487484/metadata.json,
ms2/normal_ndom_2026-10-08_12-05-38_662300,ms2,disease,normal_ndom,completed,100,7.1144756520002375,right,/home/jakub/Projects/proj/data/ms2/normal_ndom_2026-10-08_12-05-38_662300/hand_data.csv,/home/jakub/Projects/proj/data/ms2/normal_ndom_2026-10-08_12-05-38_662300/metadata.json,
ms2/normal_ndom_2026-10-08_12-06-41_832660,ms2,disease,normal_ndom,completed,113,7.797066456000266,right,/home/jakub/Projects/proj/data/ms2/normal_ndom_2026-10-08_12-06-41_832660/hand_data.csv,/home/jakub/Projects/proj/data/ms2/normal_ndom_2026-10-08_12-06-41_832660/metadata.json,
ms3/blind_dom_2026-10-08_12-16-19_176301,ms3,disease,blind_dom,completed,1281,58.61423134200004,right,/home/jakub/Projects/proj/data/ms3/blind_dom_2026-10-08_12-16-19_176301/hand_data.csv,/home/jakub/Projects/proj/data/ms3/blind_dom_2026-10-08_12-16-19_176301/metadata.json,
ms3/blind_dom_2026-10-08_12-23-32_556642,ms3,disease,blind_dom,completed,8022,348.5055924999997,right,/home/jakub/Projects/proj/data/ms3/blind_dom_2026-10-08_12-23-32_556642/hand_data.csv,/home/jakub/Projects/proj/data/ms3/blind_dom_2026-10-08_12-23-32_556642/metadata.json,
ms3/blind_ndom_2026-10-08_12-21-41_994290,ms3,disease,blind_ndom,completed,278,15.770036065000113,right,/home/jakub/Projects/proj/data/ms3/blind_ndom_2026-10-08_12-21-41_994290/hand_data.csv,/home/jakub/Projects/proj/data/ms3/blind_ndom_2026-10-08_12-21-41_994290/metadata.json,
ms3/blind_ndom_2026-10-08_12-29-42_969864,ms3,disease,blind_ndom,cancelled,0,0.0,right,/home/jakub/Projects/proj/data/ms3/blind_ndom_2026-10-08_12-29-42_969864/hand_data.csv,/home/jakub/Projects/proj/data/ms3/blind_ndom_2026-10-08_12-29-42_969864/metadata.json,
ms3/normal_dom_2026-10-08_12-19-40_461100,ms3,disease,normal_dom,completed,1534,69.72175897299985,right,/home/jakub/Projects/proj/data/ms3/normal_dom_2026-10-08_12-19-40_461100/hand_data.csv,/home/jakub/Projects/proj/data/ms3/normal_dom_2026-10-08_12-19-40_461100/metadata.json,
ms3/normal_ndom_2026-10-08_12-21-05_717453,ms3,disease,normal_ndom,completed,336,17.817851429000257,right,/home/jakub/Projects/proj/data/ms3/normal_ndom_2026-10-08_12-21-05_717453/hand_data.csv,/home/jakub/Projects/proj/data/ms3/normal_ndom_2026-10-08_12-21-05_717453/metadata.json,
ms3/normal_ndom_2026-10-08_12-22-14_847150,ms3,disease,normal_ndom,completed,637,30.454919546000383,right,/home/jakub/Projects/proj/data/ms3/normal_ndom_2026-10-08_12-22-14_847150/hand_data.csv,/home/jakub/Projects/proj/data/ms3/normal_ndom_2026-10-08_12-22-14_847150/metadata.json,
ms4/blind_dom_2026-10-08_15-17-29_496990,ms4,disease,blind_dom,completed,267,15.389781844000026,right,/home/jakub/Projects/proj/data/ms4/blind_dom_2026-10-08_15-17-29_496990/hand_data.csv,/home/jakub/Projects/proj/data/ms4/blind_dom_2026-10-08_15-17-29_496990/metadata.json,
ms4/blind_dom_2026-10-08_15-20-20_133966,ms4,disease,blind_dom,completed,134,9.35370624999996,right,/home/jakub/Projects/proj/data/ms4/blind_dom_2026-10-08_15-20-20_133966/hand_data.csv,/home/jakub/Projects/proj/data/ms4/blind_dom_2026-10-08_15-20-20_133966/metadata.json,
ms4/blind_ndom_2026-10-08_15-18-12_623903,ms4,disease,blind_ndom,completed,183,11.324294611999903,right,/home/jakub/Projects/proj/data/ms4/blind_ndom_2026-10-08_15-18-12_623903/hand_data.csv,/home/jakub/Projects/proj/data/ms4/blind_ndom_2026-10-08_15-18-12_623903/metadata.json,
ms4/blind_ndom_2026-10-08_15-19-38_501099,ms4,disease,blind_ndom,completed,489,25.94953114100008,right,/home/jakub/Projects/proj/data/ms4/blind_ndom_2026-10-08_15-19-38_501099/hand_data.csv,/home/jakub/Projects/proj/data/ms4/blind_ndom_2026-10-08_15-19-38_501099/metadata.json,
ms4/normal_dom_2026-10-08_15-14-12_904351,ms4,disease,normal_dom,completed,185,10.958849427000132,right,/home/jakub/Projects/proj/data/ms4/normal_dom_2026-10-08_15-14-12_904351/hand_data.csv,/home/jakub/Projects/proj/data/ms4/normal_dom_2026-10-08_15-14-12_904351/metadata.json,
ms4/normal_dom_2026-10-08_15-18-36_818127,ms4,disease,normal_dom,completed,102,7.446483790000002,right,/home/jakub/Projects/proj/data/ms4/normal_dom_2026-10-08_15-18-36_818127/hand_data.csv,/home/jakub/Projects/proj/data/ms4/normal_dom_2026-10-08_15-18-36_818127/metadata.json,
ms4/normal_ndom_2026-10-08_15-16-57_418611,ms4,disease,normal_ndom,completed,211,12.621059427000091,right,/home/jakub/Projects/proj/data/ms4/normal_ndom_2026-10-08_15-16-57_418611/hand_data.csv,/home/jakub/Projects/proj/data/ms4/normal_ndom_2026-10-08_15-16-57_418611/metadata.json,
ms4/normal_ndom_2026-10-08_15-19-16_861956,ms4,disease,normal_ndom,completed,166,11.066499409999778,right,/home/jakub/Projects/proj/data/ms4/normal_ndom_2026-10-08_15-19-16_861956/hand_data.csv,/home/jakub/Projects/proj/data/ms4/normal_ndom_2026-10-08_15-19-16_861956/metadata.json,
ms5/blind_dom_2026-10-08_15-45-23_853876,ms5,disease,blind_dom,completed,219,12.480046655000478,right,/home/jakub/Projects/proj/data/ms5/blind_dom_2026-10-08_15-45-23_853876/hand_data.csv,/home/jakub/Projects/proj/data/ms5/blind_dom_2026-10-08_15-45-23_853876/metadata.json,
ms5/blind_dom_2026-10-08_15-47-31_800421,ms5,disease,blind_dom,completed,189,11.246842941000068,right,/home/jakub/Projects/proj/data/ms5/blind_dom_2026-10-08_15-47-31_800421/hand_data.csv,/home/jakub/Projects/proj/data/ms5/blind_dom_2026-10-08_15-47-31_800421/metadata.json,
ms5/blind_ndom_2026-10-08_15-44-52_016129,ms5,disease,blind_ndom,completed,225,12.654297525999937,right,/home/jakub/Projects/proj/data/ms5/blind_ndom_2026-10-08_15-44-52_016129/hand_data.csv,/home/jakub/Projects/proj/data/ms5/blind_ndom_2026-10-08_15-44-52_016129/metadata.json,
ms5/blind_ndom_2026-10-08_15-46-15_096941,ms5,disease,blind_ndom,completed,224,12.695408140999461,right,/home/jakub/Projects/proj/data/ms5/blind_ndom_2026-10-08_15-46-15_096941/hand_data.csv,/home/jakub/Projects/proj/data/ms5/blind_ndom_2026-10-08_15-46-15_096941/metadata.json,
ms5/normal_dom_2026-10-08_15-43-22_057294,ms5,disease,normal_dom,completed,257,14.36437296099939,right,/home/jakub/Projects/proj/data/ms5/normal_dom_2026-10-08_15-43-22_057294/hand_data.csv,/home/jakub/Projects/proj/data/ms5/normal_dom_2026-10-08_15-43-22_057294/metadata.json,
ms5/normal_dom_2026-10-08_15-46-44_993312,ms5,disease,normal_dom,completed,144,9.301100520000546,right,/home/jakub/Projects/proj/data/ms5/normal_dom_2026-10-08_15-46-44_993312/hand_data.csv,/home/jakub/Projects/proj/data/ms5/normal_dom_2026-10-08_15-46-44_993312/metadata.json,
ms5/normal_ndom_2026-10-08_15-45-56_323987,ms5,disease,normal_ndom,completed,97,6.888227035000455,right,/home/jakub/Projects/proj/data/ms5/normal_ndom_2026-10-08_15-45-56_323987/hand_data.csv,/home/jakub/Projects/proj/data/ms5/normal_ndom_2026-10-08_15-45-56_323987/metadata.json,
ms5/normal_ndom_2026-10-08_15-47-05_501607,ms5,disease,normal_ndom,completed,202,11.759530979999909,right,/home/jakub/Projects/proj/data/ms5/normal_ndom_2026-10-08_15-47-05_501607/hand_data.csv,/home/jakub/Projects/proj/data/ms5/normal_ndom_2026-10-08_15-47-05_501607/metadata.json,
