subject_name,group,experiment_type,recording_duration_seconds,tip_dispersion_rms,pinch_sd,pinch_mean,tip_speed_mean,tip_path_length,trial_count
Consti,control,all_conditions,6.300017684000011,1.223893490536047,0.5409601889741888,0.8455251873773042,2.5365345690863847,15.653328627208378,8
Elena,control,all_conditions,6.854060382748685,1.0012794044430717,0.718113490069036,0.8218198309842194,2.6862482116088695,18.978394745643392,4
Katharina,control,all_conditions,6.983785242750855,2.1827095195255977,0.6346547404029387,1.0005469391179262,6.678148108904761,47.134637506019544,4
Lisa-Marie,control,all_conditions,4.700211107249743,1.6575222855042802,0.6506477361506302,0.9426823573732476,4.7853602811706955,22.725404205840515,4
Philipp,control,all_conditions,6.273762767000335,1.39887049442194,0.5907872785420454,0.8284489410252978,3.434359462858908,19.577420347393726,4
Yoconda,control,all_conditions,7.365281420750762,1.3683242531019675,0.6594059027603657,0.9330800142912804,4.1010420523100715,29.963976919305406,4
emily,control,all_conditions,8.587418141499995,1.661070634464072,0.6616757600544443,1.0990288669725212,4.578215268981581,37.227697633346565,8
jakub,control,all_conditions,5.421124058249916,1.5904150203789102,0.793771513125749,1.0131572599162497,4.841826588429571,24.865009255576588,4
lars,control,all_conditions,6.754323437874973,1.5395077931637746,0.8324797264077134,1.0683138136627401,3.451820917754784,22.650945695128616,8
marius,control,all_conditions,8.52284235075058,1.4859081233327163,0.7158953336873897,0.9128049459438141,4.386745915712125,36.87406320489577,4
ms1,disease,all_conditions,11.467789270624934,1.1096855194755513,0.25161386598896296,0.6502935527960378,2.1217468551200462,24.332363270620647,8
ms2,disease,all_conditions,7.763633837249984,1.3500926609303119,0.5078600334110156,0.8547803726803933,2.588082710616107,19.329874192454092,8
ms3,disease,all_conditions,42.06060296687508,1.4784092437316785,0.34874637317454327,0.5936684822826013,4.489332025685591,143.4226182661744,5
ms4,disease,all_conditions,13.013775737624997,1.3860844024558066,0.5484263045173877,0.9701601844761751,2.1810462459267237,27.46128517163894,8
ms5,disease,all_conditions,11.42372834487503,1.5837940837043447,0.4716592056831652,0.942749576250858,3.2797984973104475,37.30280378995199,8
