metric,contrast,group,n_pairs,mean_change,ci_low,ci_high,p_paired,note,p_paired_holm
time_to_key_seconds,blind_minus_normal_dom,control,11,1.0696390223170367,0.04417794654569773,2.0951000980883756,0.04247293473417346,,0.8919316294176427
time_to_key_seconds,blind_minus_normal_dom,disease,5,-5.2393024497998795,-21.843245296892555,11.364640397292796,0.43043875110670077,,1.0
time_to_key_seconds,blind_minus_normal_ndom,control,11,1.2803171273180438,0.26703599372970577,2.293598260906382,0.018306645290484303,,0.4027461963906547
time_to_key_seconds,blind_minus_normal_ndom,disease,5,1.0977964242998723,-3.976340211781187,6.1719330603809315,0.5804254418329841,,1.0
time_to_key_seconds,ndom_minus_dom_normal,control,11,0.5196656764998537,-0.3175594423484539,1.3568907953481615,0.19676137444008365,,1.0
time_to_key_seconds,ndom_minus_dom_normal,disease,5,-10.390960966199874,-37.63076926878694,16.848847336387195,0.3492676339367944,,1.0
time_to_key_seconds,ndom_minus_dom_blind,control,11,0.730343781500861,-0.8442206350842817,2.304908198086004,0.32571823732045263,,1.0
time_to_key_seconds,ndom_minus_dom_blind,disease,5,-4.053862092100121,-19.749705641117917,11.641981456917676,0.5129630174874518,,1.0
post_key_duration_seconds,blind_minus_normal_dom,control,11,0.7285421237734226,-0.24741383707436115,1.7044980846212066,0.12723245003851022,,1.0
post_key_duration_seconds,blind_minus_normal_dom,disease,5,4.109571278899944,-5.934133313875799,14.153275871675687,0.31938874503355863,,1.0
post_key_duration_seconds,blind_minus_normal_ndom,control,11,1.3463820420003623,-0.24729368951834196,2.9400577735190665,0.08917168858294615,,1.0
post_key_duration_seconds,blind_minus_normal_ndom,disease,5,0.9644298925999237,-2.12166371089791,4.050523496097758,0.43453269384524057,,1.0
post_key_duration_seconds,ndom_minus_dom_normal,control,11,-0.02054787313643787,-0.6582436867831221,0.6171479405102462,0.94418049834391,,1.0
post_key_duration_seconds,ndom_minus_dom_normal,disease,5,1.233805337100057,-1.455576778831781,3.923187453031895,0.2717332584642492,,1.0
post_key_duration_seconds,ndom_minus_dom_blind,control,11,0.5972920450905018,-1.3164486073576627,2.5110326975386665,0.5026330851540162,,1.0
post_key_duration_seconds,ndom_minus_dom_blind,disease,5,-1.911336049199963,-12.297909105521617,8.47523700712169,0.6363137428122462,,1.0
recording_duration_seconds,blind_minus_normal_dom,control,11,1.7981811460904593,0.545750270542021,3.050612021638898,0.009506900888269859,,0.21865872043020676
recording_duration_seconds,blind_minus_normal_dom,disease,5,-1.129731170899936,-8.490067327092486,6.230604985292613,0.6919273782392613,,1.0
recording_duration_seconds,blind_minus_normal_ndom,control,11,2.6266991693184063,1.381185116472377,3.8722132221644356,0.0008428644130739424,,0.020228745913774618
recording_duration_seconds,blind_minus_normal_ndom,disease,5,2.062226316899796,-5.939268016220936,10.063720650020528,0.5138038362559131,,1.0
recording_duration_seconds,ndom_minus_dom_normal,control,11,0.4991178033634159,-0.645725899396308,1.6439615061231396,0.3542574915952813,,1.0
recording_duration_seconds,ndom_minus_dom_normal,disease,5,-9.157155629099815,-34.54987659900341,16.235565340803785,0.3733667045783231,,1.0
recording_duration_seconds,ndom_minus_dom_blind,control,11,1.3276358265913628,-0.9088095044420172,3.564081157624743,0.21538343358683532,,1.0
recording_duration_seconds,ndom_minus_dom_blind,disease,5,-5.965198141300084,-31.722410643078426,19.792014360478255,0.5552264499037414,,1.0
