subject_name,group,experiment_type,time_to_key_seconds,post_key_duration_seconds,recording_duration_seconds,trial_count
Consti,control,blind_dom,3.6861889205001717,4.011873881999918,7.69806280250009,2
Consti,control,blind_ndom,3.6890596314999584,3.1379686609998316,6.82702829249979,2
Consti,control,normal_dom,2.920314196999925,2.435988097500058,5.356302294499983,2
Consti,control,normal_ndom,2.1452193635000185,3.173457983000162,5.318677346500181,2
Elena,control,blind_dom,6.820210017998761,3.280968256000051,10.101178273998812,1
Elena,control,blind_ndom,2.2371403990000545,4.310442533998867,6.547582932998921,1
Elena,control,normal_dom,1.725506602000678,3.488473598998098,5.213980200998776,1
Elena,control,normal_ndom,1.7152310800011037,3.8382690429971262,5.55350012299823,1
Katharina,control,blind_dom,3.3896705170009227,2.9671508600004017,6.356821377001324,1
Katharina,control,blind_ndom,4.672037935000844,5.559772972999781,10.231810908000625,1
Katharina,control,normal_dom,2.4950276519994077,3.053375452000182,5.54840310399959,1
Katharina,control,normal_ndom,4.506548889999976,1.2915566920019046,5.798105582001881,1
Lisa-Marie,control,blind_dom,2.550000661998638,2.65860080299899,5.208601464997628,1
Lisa-Marie,control,blind_ndom,3.202107838002121,2.2537410039985843,5.455848842000705,1
Lisa-Marie,control,normal_dom,2.2613376359986432,2.0499711630000093,4.3113087989986525,1
Lisa-Marie,control,normal_ndom,1.7039183039996715,2.121167019002314,3.8250853230019857,1
Philipp,control,blind_dom,2.7167240979979397,2.4809261840018735,5.197650281999813,1
Philipp,control,blind_ndom,5.222574801999144,2.98009353100133,8.202668333000474,1
Philipp,control,normal_dom,2.0593607800001337,2.5646844590010005,4.624045239001134,1
Philipp,control,normal_ndom,4.0652265710014035,3.0054606429985142,7.070687213999918,1
Yoconda,control,blind_dom,2.8459514570022293,8.208320255998842,11.054271713001071,1
Yoconda,control,blind_ndom,2.850084962999972,5.550768901000993,8.400853864000965,1
Yoconda,control,normal_dom,1.882153789003496,3.5972075649988255,5.479361354002322,1
Yoconda,control,normal_ndom,1.563585020001483,2.9630537319972063,4.526638751998689,1
Yoconda1,control,blind_dom,2.671039803997701,4.8568787630028964,7.527918567000597,1
Yoconda1,control,blind_ndom,3.9905289560010715,3.7990465330003644,7.789575489001436,1
Yoconda1,control,normal_dom,2.0426593580014014,3.970984054998553,6.013643412999954,1
Yoconda1,control,normal_ndom,1.6810475410020445,2.645598801998858,4.326646343000903,1
emily,control,blind_dom,2.8763048915000127,5.070607118999874,7.9469120104998865,2
emily,control,blind_ndom,6.012583007500098,3.6686677129999907,9.681250720500088,2
emily,control,normal_dom,3.705714963999867,3.8008575160000646,7.506572479999932,2
emily,control,normal_ndom,4.463239289500052,4.7516980655000225,9.214937355000075,2
jakub,control,blind_dom,2.134161232999759,2.0450548119988525,4.179216044998611,1
jakub,control,blind_ndom,6.562735694998992,2.4084944349997386,8.97123012999873,1
jakub,control,normal_dom,2.2930949710025743,2.343913676999364,4.637008648001938,1
jakub,control,normal_ndom,1.861057582002104,2.0359838279982796,3.8970414100003836,1
lars,control,blind_dom,3.6761757434999254,3.5811890525001218,7.257364796000047,2
lars,control,blind_ndom,3.3441086449997783,3.9576937485001054,7.301802393499884,2
lars,control,normal_dom,1.9609841599999527,4.064190398499932,6.025174558499884,2
lars,control,normal_ndom,2.4845770625001933,3.9483749409998836,6.432952003500077,2
marius,control,blind_dom,3.658683107998513,2.8570159270020667,6.51569903500058,1
marius,control,blind_ndom,3.27593017700201,10.962108376999822,14.238038554001832,1
marius,control,normal_dom,1.9129270980010915,2.634976571000152,4.5479036690012435,1
marius,control,normal_ndom,4.785752944997512,4.00397520000115,8.789728144998662,1
ms1,disease,blind_dom,4.271142526499943,7.638048130499897,11.90919065699984,2
ms1,disease,blind_ndom,8.895593013999928,7.7168671915000004,16.61246020549993,2
ms1,disease,normal_dom,3.9676614620000237,4.470637573499971,8.438299035499995,2
ms1,disease,normal_ndom,4.503914673000054,4.407292511499918,8.911207184499972,2
ms2,disease,blind_dom,4.7557807625000805,2.2937528364998343,7.049533598999915,2
ms2,disease,blind_ndom,3.0092228895000517,5.2786688664998564,8.287891755999908,2
ms2,disease,normal_dom,3.871005741999852,4.3903331980000075,8.26133893999986,2
ms2,disease,normal_ndom,2.189362964000111,5.266408090000141,7.455771054000252,2
ms3,disease,blind_dom,33.98379409600011,24.63043724599993,58.61423134200004,1
ms3,disease,blind_ndom,7.705270082999959,8.064765982000154,15.770036065000113,1
ms3,disease,normal_dom,63.14000228399982,6.581756689000031,69.72175897299985,1
ms3,disease,normal_ndom,13.535212295000065,10.601173192500255,24.13638548750032,2
ms4,disease,blind_dom,4.91838982850004,7.453354218499953,12.371744046999993,2
ms4,disease,blind_ndom,7.334511295000084,11.302401581499907,18.63691287649999,2
ms4,disease,normal_dom,4.0385171534999245,5.1641494550001426,9.202666608500067,2
ms4,disease,normal_ndom,3.9428713899999366,7.900908028499998,11.843779418499935,2
ms5,disease,blind_dom,5.0592427185001725,6.804202079500101,11.863444798000273,2
ms5,disease,blind_ndom,5.774442189999718,6.900410643499981,12.674852833499699,2
ms5,disease,normal_dom,4.167675539500124,7.665061200999844,11.832736740499968,2
ms5,disease,normal_ndom,3.058696028000213,6.2651829794999685,9.323879007500182,2
