experiment_type,group,metric,n_subjects,mean,sd,median,q1,q3
blind_dom,control,recording_duration_seconds,11,7.185790578818042,2.060733278865471,7.257364796000047,5.782711420999476,7.822487406499988
blind_dom,control,tip_dispersion_rms,11,1.69780546053968,0.36209534007881333,1.5280439547768387,1.4138346941652256,1.969552132672196
blind_dom,control,pinch_sd,11,0.7608525665429308,0.10260260371801865,0.766011643196423,0.7054463143486178,0.833877279263536
blind_dom,control,pinch_mean,11,1.0572487869635776,0.14804061032577195,1.0041751741612985,0.9703375098510711,1.1472695442463658
blind_dom,control,tip_speed_mean,11,4.379871850580608,1.0504943959937885,4.0137382547536395,3.786223844614543,4.944973875155136
blind_dom,control,tip_path_length,11,29.939546599864403,9.669863153728087,26.409549645608656,24.463453482901897,32.51896107136125
blind_dom,disease,recording_duration_seconds,5,20.361628888600013,21.494037429808458,11.90919065699984,11.863444798000273,12.371744046999993
blind_dom,disease,tip_dispersion_rms,5,1.2762622170777238,0.21585629445910512,1.334891619843626,1.2730269374444783,1.3358744462081333
blind_dom,disease,pinch_sd,5,0.4296362502820738,0.12259996661805186,0.47229507529417053,0.39216551137285144,0.49079721770911455
blind_dom,disease,pinch_mean,5,0.8183971547360456,0.1619942441604183,0.82057264116052,0.6616383007059714,0.9329773074153729
blind_dom,disease,tip_speed_mean,5,2.645810384930322,0.842048445253176,2.570317803513883,1.9442198649824542,3.4977818342582454
blind_dom,disease,tip_path_length,5,60.137360379191534,77.65680715118522,23.218033006806056,19.89484364247684,41.91807891248844
blind_ndom,control,recording_duration_seconds,11,8.513426405409405,2.354908133946921,8.202668333000474,7.064415342999837,9.32624042524941
blind_ndom,control,tip_dispersion_rms,11,1.3964747250528455,0.34512680748640207,1.3941303363927935,1.199922127376221,1.5509962353816145
blind_ndom,control,pinch_sd,11,0.6073168412128406,0.17082967971204213,0.6139040972092898,0.47747871179085166,0.6326311452585702
blind_ndom,control,pinch_mean,11,0.8659881239691402,0.12673341907953792,0.8751980660997607,0.8099977343253084,0.9673459091182242
blind_ndom,control,tip_speed_mean,11,4.025838350441373,1.508970142497231,4.209383871402071,2.9248327979867943,4.610404209467372
blind_ndom,control,tip_path_length,11,35.21581910934438,20.198966117089693,24.49221320887212,21.366086803302487,44.97710267048619
blind_ndom,disease,recording_duration_seconds,5,14.396430747299927,4.032906704165338,15.770036065000113,12.674852833499699,16.61246020549993
blind_ndom,disease,tip_dispersion_rms,5,1.3781750764749703,0.13528340791588556,1.347547090065028,1.2724254752991708,1.502800810353157
blind_ndom,disease,pinch_sd,5,0.3626471764129119,0.10025759642778034,0.3836084226422756,0.33553123684084696,0.414009874839364
blind_ndom,disease,pinch_mean,5,0.809647299670128,0.17221739823817114,0.8114198075969781,0.6643099663383655,0.9192420442134712
blind_ndom,disease,tip_speed_mean,5,3.2125996845895637,1.8183306706959559,2.5233912395813034,2.4579268475724763,2.584706683922829
blind_ndom,disease,tip_path_length,5,45.3537440497287,27.829877475515005,39.220605955516135,32.76000800091913,40.696275992172204
normal_dom,control,recording_duration_seconds,10,5.325006034700346,0.9388327704257193,5.2851412477493795,4.627286091251335,5.531142666500273
normal_dom,control,tip_dispersion_rms,10,1.4829740591306426,0.3029783292397589,1.4936643827937934,1.3801118683346596,1.5323272242211325
normal_dom,control,pinch_sd,10,0.698982448341318,0.1214178516438199,0.7074340929103042,0.6522988439360594,0.7881181583923846
normal_dom,control,pinch_mean,10,0.9190668353688528,0.13424835135198213,0.8934849668413126,0.8864530034364635,0.9232711564507164
normal_dom,control,tip_speed_mean,10,4.012880279212679,1.2041315644205806,4.029398460178445,3.242043366490585,4.994491805213338
normal_dom,control,tip_path_length,10,20.19928386575317,5.339777127991175,19.884545915677464,16.60605888779722,23.19931847204777
normal_dom,disease,recording_duration_seconds,5,21.491360059499947,26.99948254793504,9.202666608500067,8.438299035499995,11.832736740499968
normal_dom,disease,tip_dispersion_rms,5,1.3597434795328405,0.2146085178977445,1.2339338026859195,1.2319983330613646,1.510151062799828
normal_dom,disease,pinch_sd,5,0.492759369305074,0.2404441739802945,0.5168046611402519,0.28843690901100777,0.7019942913482521
normal_dom,disease,pinch_mean,5,0.7657748015356969,0.28085283827459523,0.7269443232249968,0.6938378931886426,1.016140315229385
normal_dom,disease,tip_speed_mean,5,2.505890412775927,0.6335533424005487,2.3418424091573393,2.1584689196625657,2.5757355912666666
normal_dom,disease,tip_path_length,5,47.685883800302996,53.33640472768284,22.021153466528823,16.939565740828154,42.33579728491601
normal_ndom,control,recording_duration_seconds,11,5.886727236090999,1.8476743361313155,5.55350012299823,4.426642547499796,6.751819608749997
normal_ndom,control,tip_dispersion_rms,11,1.3907404156563996,0.4397492557773068,1.3503525898823552,1.1000241157834385,1.4640837785711573
normal_ndom,control,pinch_sd,11,0.618877580117826,0.11123970085904497,0.6640482851599616,0.5732023272754228,0.6873639139022905
normal_ndom,control,pinch_mean,11,0.9304290034718303,0.17378165515385552,0.8863707540352251,0.7987640863268293,0.9777974109222658
normal_ndom,control,tip_speed_mean,11,3.881135010259524,2.0682544652115205,2.808921037895916,2.573442764265955,4.896096008421745
normal_ndom,control,tip_path_length,11,22.010549178799366,13.82854656019935,16.05623751704949,12.7782152747269,26.139201286418796
normal_ndom,disease,recording_duration_seconds,5,12.334204430400131,6.7843584055907975,9.323879007500182,8.911207184499972,11.843779418499935
normal_ndom,disease,tip_dispersion_rms,5,1.5122719551526198,0.31186795057082145,1.5982999265604647,1.350765010750237,1.6272010950693891
normal_ndom,disease,pinch_sd,5,0.4176018302200001,0.11549735345225001,0.377885408240881,0.3635756760139499,0.5278824042946962
normal_ndom,disease,pinch_mean,5,0.815502478846982,0.14283571930132005,0.8779527620995207,0.6965549802092701,0.9245662681720381
normal_ndom,disease,tip_speed_mean,5,3.3637045854313192,1.3955520397655299,3.1001528797066746,2.4143680909365983,3.47904222159998
normal_ndom,disease,tip_path_length,5,48.302167523448816,52.22297424653035,25.385348257704745,21.771945488614982,32.197330961484376
