experiment_type,group,metric,n_subjects,mean,sd,median,q1,q3,iqr
all_conditions,control,recording_duration_seconds,10,6.728740885900083,1.2016864230564945,6.804191910311829,6.280326496250254,6.960304853782077,0.679978357531823
all_conditions,control,time_to_key_seconds,10,3.213874047825166,0.5666559356091301,3.1686421975005032,2.9273949340937264,3.489059505062187,0.5616645709684605
all_conditions,control,post_key_duration_seconds,10,3.514866838074917,0.9598108328511216,3.4737511761245514,2.865798942156758,4.214183711312494,1.3483847691557358
all_conditions,control,peak_velocity,10,25.228709662384873,9.058184628188423,27.28351022626582,17.905716969518515,29.63604319939885,11.730326229880333
all_conditions,control,movement_units,10,29.625,7.620103163489469,28.75,23.75,33.59375,9.84375
all_conditions,disease,recording_duration_seconds,5,17.145906031450004,14.060831973087367,11.467789270624934,11.42372834487503,13.013775737624997,1.590047392749966
all_conditions,disease,time_to_key_seconds,5,9.60611544672501,11.196299429865084,5.058572416749996,4.515014119000057,5.409577918874987,0.8945637998749305
all_conditions,disease,post_key_duration_seconds,5,7.539790584724995,3.0625691970720688,6.908714225874974,6.0582113517499465,7.955203320875,1.8969919691250539
all_conditions,disease,peak_velocity,5,27.117430282804264,17.01476597240156,20.910685615075675,20.341088318068774,22.090617395631945,1.7495290775631709
all_conditions,disease,movement_units,5,48.6,32.81451184308552,40.375,35.5,40.75,5.25
