subject_name,group,experiment_type,recording_duration_seconds,time_to_key_seconds,post_key_duration_seconds,peak_velocity,movement_units,trial_count
Consti,control,all_conditions,6.300017684000011,3.1101955281250184,3.1898221558749924,11.757566528138623,19.875,8
Elena,control,all_conditions,6.854060382748685,3.1245220247501493,3.7295383579985355,19.134342440943833,37.5,4
Katharina,control,all_conditions,6.983785242750855,3.7658212485002878,3.2179639942505673,37.84976736840862,34.5,4
Lisa-Marie,control,all_conditions,4.700211107249743,2.4293411099997684,2.2708699972499744,29.606065298928936,23.5,4
Philipp,control,all_conditions,6.273762767000335,3.5159715627496553,2.7577912042506796,17.496175145710076,30.5,4
Yoconda,control,all_conditions,6.889863686875742,2.440881361001175,4.448982325874567,26.23244173557017,30.875,8
emily,control,all_conditions,8.587418141499995,4.264460538125007,4.322957603374988,37.29229373224014,24.125,8
jakub,control,all_conditions,5.421124058249916,3.212762370250857,2.2083616879990586,28.334578716961463,27.0,4
lars,control,all_conditions,6.754323437874973,2.8664614027499624,3.8878620351250106,14.937829824058042,23.625,8
marius,control,all_conditions,8.52284235075058,3.4083233319997817,5.114519018750798,29.64603583288882,44.75,4
ms1,disease,all_conditions,11.467789270624934,5.409577918874987,6.0582113517499465,15.07339590522735,40.75,8
ms2,disease,all_conditions,7.763633837249984,3.456343089500024,4.30729074774996,20.341088318068774,20.875,8
ms3,disease,all_conditions,42.06060296687508,29.59106968949999,12.469533277375092,57.17136418001758,105.5,5
ms4,disease,all_conditions,13.013775737624997,5.058572416749996,7.955203320875,20.910685615075675,35.5,8
ms5,disease,all_conditions,11.42372834487503,4.515014119000057,6.908714225874974,22.090617395631945,40.375,8
