subject_name,group,experiment_type,trial_count,recording_duration_seconds,recording_duration_seconds_n_trials,time_to_key_seconds,time_to_key_seconds_n_trials,post_key_duration_seconds,post_key_duration_seconds_n_trials,peak_velocity,peak_velocity_n_trials,movement_units,movement_units_n_trials
Consti,control,blind_dom,2,7.69806280250009,2,3.6861889205001717,2,4.011873881999918,2,12.507689247477607,2,26.0,2
Consti,control,blind_ndom,2,6.82702829249979,2,3.6890596314999584,2,3.1379686609998316,2,10.786274108482795,2,17.5,2
Consti,control,normal_dom,2,5.356302294499983,2,2.920314196999925,2,2.435988097500058,2,16.41529373368862,2,17.0,2
Consti,control,normal_ndom,2,5.318677346500181,2,2.1452193635000185,2,3.173457983000162,2,7.32100902290547,2,19.0,2
Elena,control,blind_dom,1,10.101178273998812,1,6.820210017998761,1,3.280968256000051,1,25.34952564780912,1,44.0,1
Elena,control,blind_ndom,1,6.547582932998921,1,2.2371403990000545,1,4.310442533998867,1,24.88610952150938,1,37.0,1
Elena,control,normal_dom,1,5.213980200998776,1,1.725506602000678,1,3.488473598998098,1,16.221989746380146,1,28.0,1
Elena,control,normal_ndom,1,5.55350012299823,1,1.7152310800011037,1,3.8382690429971262,1,10.079744848076686,1,41.0,1
Katharina,control,blind_dom,1,6.356821377001324,1,3.3896705170009227,1,2.9671508600004017,1,57.788322084772744,1,17.0,1
Katharina,control,blind_ndom,1,10.231810908000625,1,4.672037935000844,1,5.559772972999781,1,35.91303932870869,1,51.0,1
Katharina,control,normal_dom,1,5.54840310399959,1,2.4950276519994077,1,3.053375452000182,1,25.007021355977795,1,33.0,1
Katharina,control,normal_ndom,1,5.798105582001881,1,4.506548889999976,1,1.2915566920019046,1,32.69068670417526,1,37.0,1
Lisa-Marie,control,blind_dom,1,5.208601464997628,1,2.550000661998638,1,2.65860080299899,1,45.43804498473385,1,25.0,1
Lisa-Marie,control,blind_ndom,1,5.455848842000705,1,3.202107838002121,1,2.2537410039985843,1,35.05087458693013,1,24.0,1
Lisa-Marie,control,normal_dom,1,4.3113087989986525,1,2.2613376359986432,1,2.0499711630000093,1,20.14414588307136,1,21.0,1
Lisa-Marie,control,normal_ndom,1,3.8250853230019857,1,1.7039183039996715,1,2.121167019002314,1,17.7911957409804,1,24.0,1
Philipp,control,blind_dom,1,5.197650281999813,1,2.7167240979979397,1,2.4809261840018735,1,23.337546319688034,1,29.0,1
Philipp,control,blind_ndom,1,8.202668333000474,1,5.222574801999144,1,2.98009353100133,1,16.861847830575957,1,39.0,1
Philipp,control,normal_dom,1,4.624045239001134,1,2.0593607800001337,1,2.5646844590010005,1,15.024806078422325,1,24.0,1
Philipp,control,normal_ndom,1,7.070687213999918,1,4.0652265710014035,1,3.0054606429985142,1,14.76050035415399,1,30.0,1
Yoconda,control,blind_dom,2,9.291095140000834,2,2.758495630499965,2,6.532599509500869,2,37.82423268489401,2,29.0,2
Yoconda,control,blind_ndom,2,8.0952146765012,2,3.4203069595005218,2,4.6749077170006785,2,26.423757344061467,2,37.5,2
Yoconda,control,normal_dom,2,5.746502383501138,2,1.9624065735024487,2,3.784095809998689,2,27.456715886572436,1,31.0,1
Yoconda,control,normal_ndom,2,4.426642547499796,2,1.6223162805017637,2,2.8043262669980322,2,13.225061026752773,2,26.0,2
emily,control,blind_dom,2,7.9469120104998865,2,2.8763048915000127,2,5.070607118999874,2,31.407700009501845,2,29.5,2
emily,control,blind_ndom,2,9.681250720500088,2,6.012583007500098,2,3.6686677129999907,2,39.09407103793083,2,34.5,2
emily,control,normal_dom,2,7.506572479999932,2,3.705714963999867,2,3.8008575160000646,2,19.076739229404573,2,16.5,2
emily,control,normal_ndom,2,9.214937355000075,2,4.463239289500052,2,4.7516980655000225,2,59.59066465212332,2,16.0,2
jakub,control,blind_dom,1,4.179216044998611,1,2.134161232999759,1,2.0450548119988525,1,21.55951342273946,1,25.0,1
jakub,control,blind_ndom,1,8.97123012999873,1,6.562735694998992,1,2.4084944349997386,1,35.00744583182245,1,41.0,1
jakub,control,normal_dom,1,4.637008648001938,1,2.2930949710025743,1,2.343913676999364,1,29.549140489505234,1,23.0,1
jakub,control,normal_ndom,1,3.8970414100003836,1,1.861057582002104,1,2.0359838279982796,1,27.222215123778714,1,19.0,1
lars,control,blind_dom,2,7.257364796000047,2,3.6761757434999254,2,3.5811890525001218,2,18.748787157591423,2,28.0,2
lars,control,blind_ndom,2,7.301802393499884,2,3.3441086449997783,2,3.9576937485001054,2,13.390504904571454,2,27.0,2
lars,control,normal_dom,2,6.025174558499884,2,1.9609841599999527,2,4.064190398499932,2,17.308490803362865,2,22.0,2
lars,control,normal_ndom,2,6.432952003500077,2,2.4845770625001933,2,3.9483749409998836,2,10.303536430706423,2,17.5,2
marius,control,blind_dom,1,6.51569903500058,1,3.658683107998513,1,2.8570159270020667,1,23.014207621624916,1,36.0,1
marius,control,blind_ndom,1,14.238038554001832,1,3.27593017700201,1,10.962108376999822,1,38.925294921669945,1,64.0,1
marius,control,normal_dom,1,4.5479036690012435,1,1.9129270980010915,1,2.634976571000152,1,31.31878999742789,1,28.0,1
marius,control,normal_ndom,1,8.789728144998662,1,4.785752944997512,1,4.00397520000115,1,25.325850790832526,1,51.0,1
ms1,disease,blind_dom,2,11.90919065699984,2,4.271142526499943,2,7.638048130499897,2,17.155032227082135,2,29.5,2
ms1,disease,blind_ndom,2,16.61246020549993,2,8.895593013999928,2,7.7168671915000004,2,14.596036271672036,2,78.5,2
ms1,disease,normal_dom,2,8.438299035499995,2,3.9676614620000237,2,4.470637573499971,2,10.90069191004341,2,30.5,2
ms1,disease,normal_ndom,2,8.911207184499972,2,4.503914673000054,2,4.407292511499918,2,17.64182321211182,2,24.5,2
ms2,disease,blind_dom,2,7.049533598999915,2,4.7557807625000805,2,2.2937528364998343,2,16.098164647848073,2,21.5,2
ms2,disease,blind_ndom,2,8.287891755999908,2,3.0092228895000517,2,5.2786688664998564,2,24.56355157014229,2,19.5,2
ms2,disease,normal_dom,2,8.26133893999986,2,3.871005741999852,2,4.3903331980000075,2,20.33230454949095,2,21.5,2
ms2,disease,normal_ndom,2,7.455771054000252,2,2.189362964000111,2,5.266408090000141,2,20.37033250479379,2,21.0,2
ms3,disease,blind_dom,1,58.61423134200004,1,33.98379409600011,1,24.63043724599993,1,88.48091175910992,1,54.0,1
ms3,disease,blind_ndom,1,15.770036065000113,1,7.705270082999959,1,8.064765982000154,1,66.81540136035616,1,40.0,1
ms3,disease,normal_dom,1,69.72175897299985,1,63.14000228399982,1,6.581756689000031,1,22.699276580891528,1,235.0,1
ms3,disease,normal_ndom,2,24.13638548750032,2,13.535212295000065,2,10.601173192500255,2,50.68986701971269,2,93.0,2
ms4,disease,blind_dom,2,12.371744046999993,2,4.91838982850004,2,7.453354218499953,2,18.556909370979852,2,29.0,2
ms4,disease,blind_ndom,2,18.63691287649999,2,7.334511295000084,2,11.302401581499907,2,32.334621320059306,2,43.0,2
ms4,disease,normal_dom,2,9.202666608500067,2,4.0385171534999245,2,5.1641494550001426,2,17.619758469539512,2,26.0,2
ms4,disease,normal_ndom,2,11.843779418499935,2,3.9428713899999366,2,7.900908028499998,2,15.131453299724026,2,44.0,2
ms5,disease,blind_dom,2,11.863444798000273,2,5.0592427185001725,2,6.804202079500101,2,33.396078494730915,2,37.0,2
ms5,disease,blind_ndom,2,12.674852833499699,2,5.774442189999718,2,6.900410643499981,2,16.833972058009735,2,44.0,2
ms5,disease,normal_dom,2,11.832736740499968,2,4.167675539500124,2,7.665061200999844,2,22.241508079969833,2,43.5,2
ms5,disease,normal_ndom,2,9.323879007500182,2,3.058696028000213,2,6.2651829794999685,2,15.89091094981729,2,37.0,2
