subject_name,group,metric,contrast,difference
Consti,control,recording_duration_seconds,delta_vision_dom,2.3417605080001067
Consti,control,recording_duration_seconds,delta_vision_ndom,1.5083509459996094
Consti,control,recording_duration_seconds,delta_hand_open,-0.037624947999802316
Consti,control,recording_duration_seconds,delta_hand_closed,-0.8710345100002996
Consti,control,recording_duration_seconds,delta_vision,1.925055726999858
Consti,control,recording_duration_seconds,delta_hand,-0.454329729000051
Elena,control,recording_duration_seconds,delta_vision_dom,4.887198073000036
Elena,control,recording_duration_seconds,delta_vision_ndom,0.9940828100006911
Elena,control,recording_duration_seconds,delta_hand_open,0.3395199219994538
Elena,control,recording_duration_seconds,delta_hand_closed,-3.553595340999891
Elena,control,recording_duration_seconds,delta_vision,2.9406404415003635
Elena,control,recording_duration_seconds,delta_hand,-1.6070377095002186
Katharina,control,recording_duration_seconds,delta_vision_dom,0.8084182730017346
Katharina,control,recording_duration_seconds,delta_vision_ndom,4.433705325998744
Katharina,control,recording_duration_seconds,delta_hand_open,0.24970247800229117
Katharina,control,recording_duration_seconds,delta_hand_closed,3.8749895309993008
Katharina,control,recording_duration_seconds,delta_vision,2.6210617995002394
Katharina,control,recording_duration_seconds,delta_hand,2.062346004500796
Lisa-Marie,control,recording_duration_seconds,delta_vision_dom,0.8972926659989753
Lisa-Marie,control,recording_duration_seconds,delta_vision_ndom,1.6307635189987195
Lisa-Marie,control,recording_duration_seconds,delta_hand_open,-0.4862234759966668
Lisa-Marie,control,recording_duration_seconds,delta_hand_closed,0.24724737700307742
Lisa-Marie,control,recording_duration_seconds,delta_vision,1.2640280924988474
Lisa-Marie,control,recording_duration_seconds,delta_hand,-0.1194880494967947
Philipp,control,recording_duration_seconds,delta_vision_dom,0.573605042998679
Philipp,control,recording_duration_seconds,delta_vision_ndom,1.1319811190005566
Philipp,control,recording_duration_seconds,delta_hand_open,2.4466419749987836
Philipp,control,recording_duration_seconds,delta_hand_closed,3.005018051000661
Philipp,control,recording_duration_seconds,delta_vision,0.8527930809996178
Philipp,control,recording_duration_seconds,delta_hand,2.7258300129997224
Yoconda,control,recording_duration_seconds,delta_vision_dom,3.5445927564996964
Yoconda,control,recording_duration_seconds,delta_vision_ndom,3.6685721290014044
Yoconda,control,recording_duration_seconds,delta_hand_open,-1.319859836001342
Yoconda,control,recording_duration_seconds,delta_hand_closed,-1.195880463499634
Yoconda,control,recording_duration_seconds,delta_vision,3.6065824427505504
Yoconda,control,recording_duration_seconds,delta_hand,-1.257870149750488
emily,control,recording_duration_seconds,delta_vision_dom,0.4403395304999549
emily,control,recording_duration_seconds,delta_vision_ndom,0.4663133655000138
emily,control,recording_duration_seconds,delta_hand_open,1.708364875000143
emily,control,recording_duration_seconds,delta_hand_closed,1.734338710000202
emily,control,recording_duration_seconds,delta_vision,0.45332644799998434
emily,control,recording_duration_seconds,delta_hand,1.7213517925001725
jakub,control,recording_duration_seconds,delta_vision_dom,-0.4577926030033268
jakub,control,recording_duration_seconds,delta_vision_ndom,5.074188719998347
jakub,control,recording_duration_seconds,delta_hand_open,-0.7399672380015545
jakub,control,recording_duration_seconds,delta_hand_closed,4.792014085000119
jakub,control,recording_duration_seconds,delta_vision,2.30819805849751
jakub,control,recording_duration_seconds,delta_hand,2.026023423499282
lars,control,recording_duration_seconds,delta_vision_dom,1.2321902375001628
lars,control,recording_duration_seconds,delta_vision_ndom,0.8688503899998068
lars,control,recording_duration_seconds,delta_hand_open,0.40777744500019253
lars,control,recording_duration_seconds,delta_hand_closed,0.044437597499836556
lars,control,recording_duration_seconds,delta_vision,1.0505203137499848
lars,control,recording_duration_seconds,delta_hand,0.22610752125001454
marius,control,recording_duration_seconds,delta_vision_dom,1.9677953659993364
marius,control,recording_duration_seconds,delta_vision_ndom,5.44831040900317
marius,control,recording_duration_seconds,delta_hand_open,4.241824475997419
marius,control,recording_duration_seconds,delta_hand_closed,7.7223395190012525
marius,control,recording_duration_seconds,delta_vision,3.7080528875012533
marius,control,recording_duration_seconds,delta_hand,5.982081997499336
ms1,disease,recording_duration_seconds,delta_vision_dom,3.4708916214998453
ms1,disease,recording_duration_seconds,delta_vision_ndom,7.701253020999957
ms1,disease,recording_duration_seconds,delta_hand_open,0.47290814899997713
ms1,disease,recording_duration_seconds,delta_hand_closed,4.703269548500089
ms1,disease,recording_duration_seconds,delta_vision,5.586072321249901
ms1,disease,recording_duration_seconds,delta_hand,2.588088848750033
ms2,disease,recording_duration_seconds,delta_vision_dom,-1.2118053409999447
ms2,disease,recording_duration_seconds,delta_vision_ndom,0.8321207019996564
ms2,disease,recording_duration_seconds,delta_hand_open,-0.8055678859996078
ms2,disease,recording_duration_seconds,delta_hand_closed,1.2383581569999933
ms2,disease,recording_duration_seconds,delta_vision,-0.18984231950014419
ms2,disease,recording_duration_seconds,delta_hand,0.21639513550019274
ms3,disease,recording_duration_seconds,delta_vision_dom,-11.107527630999812
ms3,disease,recording_duration_seconds,delta_vision_ndom,-8.366349422500207
ms3,disease,recording_duration_seconds,delta_hand_open,-45.58537348549953
ms3,disease,recording_duration_seconds,delta_hand_closed,-42.844195276999926
ms3,disease,recording_duration_seconds,delta_vision,-9.73693852675001
ms3,disease,recording_duration_seconds,delta_hand,-44.21478438124973
ms4,disease,recording_duration_seconds,delta_vision_dom,3.169077438499926
ms4,disease,recording_duration_seconds,delta_vision_ndom,6.793133458000057
ms4,disease,recording_duration_seconds,delta_hand_open,2.6411128099998677
ms4,disease,recording_duration_seconds,delta_hand_closed,6.2651688294999985
ms4,disease,recording_duration_seconds,delta_vision,4.981105448249991
ms4,disease,recording_duration_seconds,delta_hand,4.453140819749933
ms5,disease,recording_duration_seconds,delta_vision_dom,0.030708057500305586
ms5,disease,recording_duration_seconds,delta_vision_ndom,3.3509738259995174
ms5,disease,recording_duration_seconds,delta_hand_open,-2.508857732999786
ms5,disease,recording_duration_seconds,delta_hand_closed,0.8114080354994258
ms5,disease,recording_duration_seconds,delta_vision,1.6908409417499115
ms5,disease,recording_duration_seconds,delta_hand,-0.8487248487501802
Consti,control,time_to_key_seconds,delta_vision_dom,0.7658747235002465
Consti,control,time_to_key_seconds,delta_vision_ndom,1.54384026799994
Consti,control,time_to_key_seconds,delta_hand_open,-0.7750948334999066
Consti,control,time_to_key_seconds,delta_hand_closed,0.002870710999786752
Consti,control,time_to_key_seconds,delta_vision,1.1548574957500932
Consti,control,time_to_key_seconds,delta_hand,-0.3861120612500599
Elena,control,time_to_key_seconds,delta_vision_dom,5.094703415998083
Elena,control,time_to_key_seconds,delta_vision_ndom,0.5219093189989508
Elena,control,time_to_key_seconds,delta_hand_open,-0.010275521999574266
Elena,control,time_to_key_seconds,delta_hand_closed,-4.583069618998707
Elena,control,time_to_key_seconds,delta_vision,2.808306367498517
Elena,control,time_to_key_seconds,delta_hand,-2.2966725704991404
Katharina,control,time_to_key_seconds,delta_vision_dom,0.894642865001515
Katharina,control,time_to_key_seconds,delta_vision_ndom,0.16548904500086792
Katharina,control,time_to_key_seconds,delta_hand_open,2.0115212380005687
Katharina,control,time_to_key_seconds,delta_hand_closed,1.2823674179999216
Katharina,control,time_to_key_seconds,delta_vision,0.5300659550011915
Katharina,control,time_to_key_seconds,delta_hand,1.6469443280002452
Lisa-Marie,control,time_to_key_seconds,delta_vision_dom,0.2886630259999947
Lisa-Marie,control,time_to_key_seconds,delta_vision_ndom,1.4981895340024494
Lisa-Marie,control,time_to_key_seconds,delta_hand_open,-0.5574193319989718
Lisa-Marie,control,time_to_key_seconds,delta_hand_closed,0.6521071760034829
Lisa-Marie,control,time_to_key_seconds,delta_vision,0.893426280001222
Lisa-Marie,control,time_to_key_seconds,delta_hand,0.04734392200225557
Philipp,control,time_to_key_seconds,delta_vision_dom,0.657363317997806
Philipp,control,time_to_key_seconds,delta_vision_ndom,1.1573482309977408
Philipp,control,time_to_key_seconds,delta_hand_open,2.00586579100127
Philipp,control,time_to_key_seconds,delta_hand_closed,2.5058507040012046
Philipp,control,time_to_key_seconds,delta_vision,0.9073557744977734
Philipp,control,time_to_key_seconds,delta_hand,2.255858247501237
Yoconda,control,time_to_key_seconds,delta_vision_dom,0.7960890569975163
Yoconda,control,time_to_key_seconds,delta_vision_ndom,1.797990678998758
Yoconda,control,time_to_key_seconds,delta_hand_open,-0.34009029300068505
Yoconda,control,time_to_key_seconds,delta_hand_closed,0.6618113290005567
Yoconda,control,time_to_key_seconds,delta_vision,1.2970398679981372
Yoconda,control,time_to_key_seconds,delta_hand,0.16086051799993584
emily,control,time_to_key_seconds,delta_vision_dom,-0.8294100724998543
emily,control,time_to_key_seconds,delta_vision_ndom,1.5493437180000456
emily,control,time_to_key_seconds,delta_hand_open,0.7575243255001851
emily,control,time_to_key_seconds,delta_hand_closed,3.136278116000085
emily,control,time_to_key_seconds,delta_vision,0.3599668227500956
emily,control,time_to_key_seconds,delta_hand,1.946901220750135
jakub,control,time_to_key_seconds,delta_vision_dom,-0.15893373800281552
jakub,control,time_to_key_seconds,delta_vision_ndom,4.701678112996888
jakub,control,time_to_key_seconds,delta_hand_open,-0.4320373890004703
jakub,control,time_to_key_seconds,delta_hand_closed,4.428574461999233
jakub,control,time_to_key_seconds,delta_vision,2.271372187497036
jakub,control,time_to_key_seconds,delta_hand,1.9982685364993813
lars,control,time_to_key_seconds,delta_vision_dom,1.7151915834999727
lars,control,time_to_key_seconds,delta_vision_ndom,0.8595315824995851
lars,control,time_to_key_seconds,delta_hand_open,0.5235929025002406
lars,control,time_to_key_seconds,delta_hand_closed,-0.33206709850014704
lars,control,time_to_key_seconds,delta_vision,1.2873615829997789
lars,control,time_to_key_seconds,delta_hand,0.09576290200004678
marius,control,time_to_key_seconds,delta_vision_dom,1.7457560099974216
marius,control,time_to_key_seconds,delta_vision_ndom,-1.5098227679955016
marius,control,time_to_key_seconds,delta_hand_open,2.8728258469964203
marius,control,time_to_key_seconds,delta_hand_closed,-0.382752930996503
marius,control,time_to_key_seconds,delta_vision,0.11796662100096
marius,control,time_to_key_seconds,delta_hand,1.2450364579999587
ms1,disease,time_to_key_seconds,delta_vision_dom,0.30348106449991974
ms1,disease,time_to_key_seconds,delta_vision_ndom,4.391678340999874
ms1,disease,time_to_key_seconds,delta_hand_open,0.5362532110000302
ms1,disease,time_to_key_seconds,delta_hand_closed,4.624450487499985
ms1,disease,time_to_key_seconds,delta_vision,2.347579702749897
ms1,disease,time_to_key_seconds,delta_hand,2.5803518492500075
ms2,disease,time_to_key_seconds,delta_vision_dom,0.8847750205002285
ms2,disease,time_to_key_seconds,delta_vision_ndom,0.8198599254999408
ms2,disease,time_to_key_seconds,delta_hand_open,-1.6816427779997412
ms2,disease,time_to_key_seconds,delta_hand_closed,-1.7465578730000288
ms2,disease,time_to_key_seconds,delta_vision,0.8523174730000846
ms2,disease,time_to_key_seconds,delta_hand,-1.714100325499885
ms3,disease,time_to_key_seconds,delta_vision_dom,-29.15620818799971
ms3,disease,time_to_key_seconds,delta_vision_ndom,-5.829942212000105
ms3,disease,time_to_key_seconds,delta_hand_open,-49.604789988999755
ms3,disease,time_to_key_seconds,delta_hand_closed,-26.27852401300015
ms3,disease,time_to_key_seconds,delta_vision,-17.493075199999907
ms3,disease,time_to_key_seconds,delta_hand,-37.94165700099995
ms4,disease,time_to_key_seconds,delta_vision_dom,0.8798726750001151
ms4,disease,time_to_key_seconds,delta_vision_ndom,3.3916399050001473
ms4,disease,time_to_key_seconds,delta_hand_open,-0.09564576349998788
ms4,disease,time_to_key_seconds,delta_hand_closed,2.4161214665000443
ms4,disease,time_to_key_seconds,delta_vision,2.1357562900001312
ms4,disease,time_to_key_seconds,delta_hand,1.1602378515000282
ms5,disease,time_to_key_seconds,delta_vision_dom,0.8915671790000488
ms5,disease,time_to_key_seconds,delta_vision_ndom,2.7157461619995047
ms5,disease,time_to_key_seconds,delta_hand_open,-1.1089795114999106
ms5,disease,time_to_key_seconds,delta_hand_closed,0.7151994714995453
ms5,disease,time_to_key_seconds,delta_vision,1.8036566704997767
ms5,disease,time_to_key_seconds,delta_hand,-0.19689002000018263
Consti,control,post_key_duration_seconds,delta_vision_dom,1.5758857844998602
Consti,control,post_key_duration_seconds,delta_vision_ndom,-0.0354893220003305
Consti,control,post_key_duration_seconds,delta_hand_open,0.7374698855001043
Consti,control,post_key_duration_seconds,delta_hand_closed,-0.8739052210000864
Consti,control,post_key_duration_seconds,delta_vision,0.7701982312497648
Consti,control,post_key_duration_seconds,delta_hand,-0.06821766774999105
Elena,control,post_key_duration_seconds,delta_vision_dom,-0.20750534299804713
Elena,control,post_key_duration_seconds,delta_vision_ndom,0.47217349100174033
Elena,control,post_key_duration_seconds,delta_hand_open,0.34979544399902807
Elena,control,post_key_duration_seconds,delta_hand_closed,1.0294742779988155
Elena,control,post_key_duration_seconds,delta_vision,0.1323340740018466
Elena,control,post_key_duration_seconds,delta_hand,0.6896348609989218
Katharina,control,post_key_duration_seconds,delta_vision_dom,-0.08622459199978039
Katharina,control,post_key_duration_seconds,delta_vision_ndom,4.268216280997876
Katharina,control,post_key_duration_seconds,delta_hand_open,-1.7618187599982775
Katharina,control,post_key_duration_seconds,delta_hand_closed,2.592622112999379
Katharina,control,post_key_duration_seconds,delta_vision,2.090995844499048
Katharina,control,post_key_duration_seconds,delta_hand,0.4154016765005508
Lisa-Marie,control,post_key_duration_seconds,delta_vision_dom,0.6086296399989806
Lisa-Marie,control,post_key_duration_seconds,delta_vision_ndom,0.13257398499627016
Lisa-Marie,control,post_key_duration_seconds,delta_hand_open,0.07119585600230494
Lisa-Marie,control,post_key_duration_seconds,delta_hand_closed,-0.4048597990004055
Lisa-Marie,control,post_key_duration_seconds,delta_vision,0.37060181249762536
Lisa-Marie,control,post_key_duration_seconds,delta_hand,-0.16683197149905027
Philipp,control,post_key_duration_seconds,delta_vision_dom,-0.08375827499912702
Philipp,control,post_key_duration_seconds,delta_vision_ndom,-0.02536711199718411
Philipp,control,post_key_duration_seconds,delta_hand_open,0.4407761839975137
Philipp,control,post_key_duration_seconds,delta_hand_closed,0.49916734699945664
Philipp,control,post_key_duration_seconds,delta_vision,-0.05456269349815557
Philipp,control,post_key_duration_seconds,delta_hand,0.4699717654984852
Yoconda,control,post_key_duration_seconds,delta_vision_dom,2.74850369950218
Yoconda,control,post_key_duration_seconds,delta_vision_ndom,1.8705814500026463
Yoconda,control,post_key_duration_seconds,delta_hand_open,-0.979769543000657
Yoconda,control,post_key_duration_seconds,delta_hand_closed,-1.8576917925001908
Yoconda,control,post_key_duration_seconds,delta_vision,2.309542574752413
Yoconda,control,post_key_duration_seconds,delta_hand,-1.418730667750424
emily,control,post_key_duration_seconds,delta_vision_dom,1.2697496029998092
emily,control,post_key_duration_seconds,delta_vision_ndom,-1.0830303525000318
emily,control,post_key_duration_seconds,delta_hand_open,0.9508405494999579
emily,control,post_key_duration_seconds,delta_hand_closed,-1.401939405999883
emily,control,post_key_duration_seconds,delta_vision,0.09335962524988872
emily,control,post_key_duration_seconds,delta_hand,-0.2255494282499626
jakub,control,post_key_duration_seconds,delta_vision_dom,-0.2988588650005113
jakub,control,post_key_duration_seconds,delta_vision_ndom,0.372510607001459
jakub,control,post_key_duration_seconds,delta_hand_open,-0.3079298490010842
jakub,control,post_key_duration_seconds,delta_hand_closed,0.36343962300088606
jakub,control,post_key_duration_seconds,delta_vision,0.03682587100047385
jakub,control,post_key_duration_seconds,delta_hand,0.02775488699990092
lars,control,post_key_duration_seconds,delta_vision_dom,-0.48300134599980993
lars,control,post_key_duration_seconds,delta_vision_ndom,0.009318807500221737
lars,control,post_key_duration_seconds,delta_hand_open,-0.11581545750004807
lars,control,post_key_duration_seconds,delta_hand_closed,0.3765046959999836
lars,control,post_key_duration_seconds,delta_vision,-0.2368412692497941
lars,control,post_key_duration_seconds,delta_hand,0.13034461924996776
marius,control,post_key_duration_seconds,delta_vision_dom,0.2220393560019147
marius,control,post_key_duration_seconds,delta_vision_ndom,6.958133176998672
marius,control,post_key_duration_seconds,delta_hand_open,1.3689986290009983
marius,control,post_key_duration_seconds,delta_hand_closed,8.105092449997755
marius,control,post_key_duration_seconds,delta_vision,3.5900862665002933
marius,control,post_key_duration_seconds,delta_hand,4.737045539499377
ms1,disease,post_key_duration_seconds,delta_vision_dom,3.1674105569999256
ms1,disease,post_key_duration_seconds,delta_vision_ndom,3.3095746800000825
ms1,disease,post_key_duration_seconds,delta_hand_open,-0.06334506200005308
ms1,disease,post_key_duration_seconds,delta_hand_closed,0.07881906100010383
ms1,disease,post_key_duration_seconds,delta_vision,3.238492618500004
ms1,disease,post_key_duration_seconds,delta_hand,0.007736999500025377
ms2,disease,post_key_duration_seconds,delta_vision_dom,-2.0965803615001732
ms2,disease,post_key_duration_seconds,delta_vision_ndom,0.012260776499715575
ms2,disease,post_key_duration_seconds,delta_hand_open,0.8760748920001333
ms2,disease,post_key_duration_seconds,delta_hand_closed,2.984916030000022
ms2,disease,post_key_duration_seconds,delta_vision,-1.0421597925002288
ms2,disease,post_key_duration_seconds,delta_hand,1.9304954610000777
ms3,disease,post_key_duration_seconds,delta_vision_dom,18.048680556999898
ms3,disease,post_key_duration_seconds,delta_vision_ndom,-2.5364072105001014
ms3,disease,post_key_duration_seconds,delta_hand_open,4.019416503500224
ms3,disease,post_key_duration_seconds,delta_hand_closed,-16.565671263999775
ms3,disease,post_key_duration_seconds,delta_vision,7.756136673249898
ms3,disease,post_key_duration_seconds,delta_hand,-6.273127380249775
ms4,disease,post_key_duration_seconds,delta_vision_dom,2.2892047634998107
ms4,disease,post_key_duration_seconds,delta_vision_ndom,3.4014935529999093
ms4,disease,post_key_duration_seconds,delta_hand_open,2.7367585734998556
ms4,disease,post_key_duration_seconds,delta_hand_closed,3.849047362999954
ms4,disease,post_key_duration_seconds,delta_vision,2.84534915824986
ms4,disease,post_key_duration_seconds,delta_hand,3.292902968249905
ms5,disease,post_key_duration_seconds,delta_vision_dom,-0.8608591214997432
ms5,disease,post_key_duration_seconds,delta_vision_ndom,0.6352276640000127
ms5,disease,post_key_duration_seconds,delta_hand_open,-1.3998782214998755
ms5,disease,post_key_duration_seconds,delta_hand_closed,0.09620856399988043
ms5,disease,post_key_duration_seconds,delta_vision,-0.11281572874986523
ms5,disease,post_key_duration_seconds,delta_hand,-0.6518348287499975
Consti,control,peak_velocity,delta_vision_dom,-3.9076044862110138
Consti,control,peak_velocity,delta_vision_ndom,3.4652650855773253
Consti,control,peak_velocity,delta_hand_open,-9.094284710783151
Consti,control,peak_velocity,delta_hand_closed,-1.7214151389948125
Consti,control,peak_velocity,delta_vision,-0.22116970031684513
Consti,control,peak_velocity,delta_hand,-5.407849924888982
Elena,control,peak_velocity,delta_vision_dom,9.127535901428974
Elena,control,peak_velocity,delta_vision_ndom,14.806364673432693
Elena,control,peak_velocity,delta_hand_open,-6.14224489830346
Elena,control,peak_velocity,delta_hand_closed,-0.46341612629974094
Elena,control,peak_velocity,delta_vision,11.966950287430834
Elena,control,peak_velocity,delta_hand,-3.3028305123015986
Katharina,control,peak_velocity,delta_vision_dom,32.781300728794946
Katharina,control,peak_velocity,delta_vision_ndom,3.2223526245334284
Katharina,control,peak_velocity,delta_hand_open,7.683665348197469
Katharina,control,peak_velocity,delta_hand_closed,-21.875282756064053
Katharina,control,peak_velocity,delta_vision,18.001826676664187
Katharina,control,peak_velocity,delta_hand,-7.095808703933294
Lisa-Marie,control,peak_velocity,delta_vision_dom,25.29389910166249
Lisa-Marie,control,peak_velocity,delta_vision_ndom,17.25967884594973
Lisa-Marie,control,peak_velocity,delta_hand_open,-2.352950142090961
Lisa-Marie,control,peak_velocity,delta_hand_closed,-10.387170397803722
Lisa-Marie,control,peak_velocity,delta_vision,21.276788973806113
Lisa-Marie,control,peak_velocity,delta_hand,-6.370060269947341
Philipp,control,peak_velocity,delta_vision_dom,8.31274024126571
Philipp,control,peak_velocity,delta_vision_ndom,2.1013474764219673
Philipp,control,peak_velocity,delta_hand_open,-0.26430572426833443
Philipp,control,peak_velocity,delta_hand_closed,-6.475698489112077
Philipp,control,peak_velocity,delta_vision,5.207043858843839
Philipp,control,peak_velocity,delta_hand,-3.3700021066902064
Yoconda,control,peak_velocity,delta_vision_dom,10.36751679832157
Yoconda,control,peak_velocity,delta_vision_ndom,13.198696317308695
Yoconda,control,peak_velocity,delta_hand_open,-14.231654859819663
Yoconda,control,peak_velocity,delta_hand_closed,-11.40047534083254
Yoconda,control,peak_velocity,delta_vision,11.78310655781513
Yoconda,control,peak_velocity,delta_hand,-12.816065100326101
emily,control,peak_velocity,delta_vision_dom,12.330960780097271
emily,control,peak_velocity,delta_vision_ndom,-20.49659361419249
emily,control,peak_velocity,delta_hand_open,40.51392542271875
emily,control,peak_velocity,delta_hand_closed,7.686371028428987
emily,control,peak_velocity,delta_vision,-4.0828164170476136
emily,control,peak_velocity,delta_hand,24.10014822557387
jakub,control,peak_velocity,delta_vision_dom,-7.989627066765774
jakub,control,peak_velocity,delta_vision_ndom,7.785230708043738
jakub,control,peak_velocity,delta_hand_open,-2.3269253657265203
jakub,control,peak_velocity,delta_hand_closed,13.447932409082991
jakub,control,peak_velocity,delta_vision,-0.10219817936101983
jakub,control,peak_velocity,delta_hand,5.560503521678234
lars,control,peak_velocity,delta_vision_dom,1.4402963542285576
lars,control,peak_velocity,delta_vision_ndom,3.0869684738650314
lars,control,peak_velocity,delta_hand_open,-7.004954372656442
lars,control,peak_velocity,delta_hand_closed,-5.3582822530199685
lars,control,peak_velocity,delta_vision,2.2636324140467963
lars,control,peak_velocity,delta_hand,-6.181618312838205
marius,control,peak_velocity,delta_vision_dom,-8.304582375802973
marius,control,peak_velocity,delta_vision_ndom,13.59944413083742
marius,control,peak_velocity,delta_hand_open,-5.992939206595363
marius,control,peak_velocity,delta_hand_closed,15.911087300045029
marius,control,peak_velocity,delta_vision,2.647430877517225
marius,control,peak_velocity,delta_hand,4.959074046724838
ms1,disease,peak_velocity,delta_vision_dom,6.254340317038725
ms1,disease,peak_velocity,delta_vision_ndom,-3.0457869404397844
ms1,disease,peak_velocity,delta_hand_open,6.7411313020684105
ms1,disease,peak_velocity,delta_hand_closed,-2.558995955410099
ms1,disease,peak_velocity,delta_vision,1.6042766882994712
ms1,disease,peak_velocity,delta_hand,2.0910676733291567
ms2,disease,peak_velocity,delta_vision_dom,-4.234139901642877
ms2,disease,peak_velocity,delta_vision_ndom,4.193219065348501
ms2,disease,peak_velocity,delta_hand_open,0.038027955302840866
ms2,disease,peak_velocity,delta_hand_closed,8.465386922294218
ms2,disease,peak_velocity,delta_vision,-0.020460418147189685
ms2,disease,peak_velocity,delta_hand,4.25170743879853
ms3,disease,peak_velocity,delta_vision_dom,65.78163517821838
ms3,disease,peak_velocity,delta_vision_ndom,16.12553434064347
ms3,disease,peak_velocity,delta_hand_open,27.990590438821165
ms3,disease,peak_velocity,delta_hand_closed,-21.665510398753753
ms3,disease,peak_velocity,delta_vision,40.953584759430925
ms3,disease,peak_velocity,delta_hand,3.1625400200337026
ms4,disease,peak_velocity,delta_vision_dom,0.9371509014403401
ms4,disease,peak_velocity,delta_vision_ndom,17.20316802033528
ms4,disease,peak_velocity,delta_hand_open,-2.4883051698154866
ms4,disease,peak_velocity,delta_hand_closed,13.777711949079453
ms4,disease,peak_velocity,delta_vision,9.07015946088781
ms4,disease,peak_velocity,delta_hand,5.644703389631982
ms5,disease,peak_velocity,delta_vision_dom,11.154570414761082
ms5,disease,peak_velocity,delta_vision_ndom,0.9430611081924454
ms5,disease,peak_velocity,delta_hand_open,-6.3505971301525435
ms5,disease,peak_velocity,delta_hand_closed,-16.56210643672118
ms5,disease,peak_velocity,delta_vision,6.048815761476764
ms5,disease,peak_velocity,delta_hand,-11.456351783436862
Consti,control,movement_units,delta_vision_dom,9.0
Consti,control,movement_units,delta_vision_ndom,-1.5
Consti,control,movement_units,delta_hand_open,2.0
Consti,control,movement_units,delta_hand_closed,-8.5
Consti,control,movement_units,delta_vision,3.75
Consti,control,movement_units,delta_hand,-3.25
Elena,control,movement_units,delta_vision_dom,16.0
Elena,control,movement_units,delta_vision_ndom,-4.0
Elena,control,movement_units,delta_hand_open,13.0
Elena,control,movement_units,delta_hand_closed,-7.0
Elena,control,movement_units,delta_vision,6.0
Elena,control,movement_units,delta_hand,3.0
Katharina,control,movement_units,delta_vision_dom,-16.0
Katharina,control,movement_units,delta_vision_ndom,14.0
Katharina,control,movement_units,delta_hand_open,4.0
Katharina,control,movement_units,delta_hand_closed,34.0
Katharina,control,movement_units,delta_vision,-1.0
Katharina,control,movement_units,delta_hand,19.0
Lisa-Marie,control,movement_units,delta_vision_dom,4.0
Lisa-Marie,control,movement_units,delta_vision_ndom,0.0
Lisa-Marie,control,movement_units,delta_hand_open,3.0
Lisa-Marie,control,movement_units,delta_hand_closed,-1.0
Lisa-Marie,control,movement_units,delta_vision,2.0
Lisa-Marie,control,movement_units,delta_hand,1.0
Philipp,control,movement_units,delta_vision_dom,5.0
Philipp,control,movement_units,delta_vision_ndom,9.0
Philipp,control,movement_units,delta_hand_open,6.0
Philipp,control,movement_units,delta_hand_closed,10.0
Philipp,control,movement_units,delta_vision,7.0
Philipp,control,movement_units,delta_hand,8.0
Yoconda,control,movement_units,delta_vision_dom,-2.0
Yoconda,control,movement_units,delta_vision_ndom,11.5
Yoconda,control,movement_units,delta_hand_open,-5.0
Yoconda,control,movement_units,delta_hand_closed,8.5
Yoconda,control,movement_units,delta_vision,4.75
Yoconda,control,movement_units,delta_hand,1.75
emily,control,movement_units,delta_vision_dom,13.0
emily,control,movement_units,delta_vision_ndom,18.5
emily,control,movement_units,delta_hand_open,-0.5
emily,control,movement_units,delta_hand_closed,5.0
emily,control,movement_units,delta_vision,15.75
emily,control,movement_units,delta_hand,2.25
jakub,control,movement_units,delta_vision_dom,2.0
jakub,control,movement_units,delta_vision_ndom,22.0
jakub,control,movement_units,delta_hand_open,-4.0
jakub,control,movement_units,delta_hand_closed,16.0
jakub,control,movement_units,delta_vision,12.0
jakub,control,movement_units,delta_hand,6.0
lars,control,movement_units,delta_vision_dom,6.0
lars,control,movement_units,delta_vision_ndom,9.5
lars,control,movement_units,delta_hand_open,-4.5
lars,control,movement_units,delta_hand_closed,-1.0
lars,control,movement_units,delta_vision,7.75
lars,control,movement_units,delta_hand,-2.75
marius,control,movement_units,delta_vision_dom,8.0
marius,control,movement_units,delta_vision_ndom,13.0
marius,control,movement_units,delta_hand_open,23.0
marius,control,movement_units,delta_hand_closed,28.0
marius,control,movement_units,delta_vision,10.5
marius,control,movement_units,delta_hand,25.5
ms1,disease,movement_units,delta_vision_dom,-1.0
ms1,disease,movement_units,delta_vision_ndom,54.0
ms1,disease,movement_units,delta_hand_open,-6.0
ms1,disease,movement_units,delta_hand_closed,49.0
ms1,disease,movement_units,delta_vision,26.5
ms1,disease,movement_units,delta_hand,21.5
ms2,disease,movement_units,delta_vision_dom,0.0
ms2,disease,movement_units,delta_vision_ndom,-1.5
ms2,disease,movement_units,delta_hand_open,-0.5
ms2,disease,movement_units,delta_hand_closed,-2.0
ms2,disease,movement_units,delta_vision,-0.75
ms2,disease,movement_units,delta_hand,-1.25
ms3,disease,movement_units,delta_vision_dom,-181.0
ms3,disease,movement_units,delta_vision_ndom,-53.0
ms3,disease,movement_units,delta_hand_open,-142.0
ms3,disease,movement_units,delta_hand_closed,-14.0
ms3,disease,movement_units,delta_vision,-117.0
ms3,disease,movement_units,delta_hand,-78.0
ms4,disease,movement_units,delta_vision_dom,3.0
ms4,disease,movement_units,delta_vision_ndom,-1.0
ms4,disease,movement_units,delta_hand_open,18.0
ms4,disease,movement_units,delta_hand_closed,14.0
ms4,disease,movement_units,delta_vision,1.0
ms4,disease,movement_units,delta_hand,16.0
ms5,disease,movement_units,delta_vision_dom,-6.5
ms5,disease,movement_units,delta_vision_ndom,7.0
ms5,disease,movement_units,delta_hand_open,-6.5
ms5,disease,movement_units,delta_hand_closed,7.0
ms5,disease,movement_units,delta_vision,0.25
ms5,disease,movement_units,delta_hand,0.25
