experiment_type,metric,n_control,n_disease,u,p,rank_biserial,effect_ci_low,effect_ci_high,median_difference,method,note,p_holm
blind_dom,recording_duration_seconds,10,5,45.0,0.012654012654012654,0.8,0.28,1.0,5.0226587414995265,exact,,0.17715617715617715
blind_dom,time_to_key_seconds,10,5,46.0,0.007992007992007992,0.84,0.4,1.0,1.785402124249572,exact,,0.11988011988011987
blind_dom,post_key_duration_seconds,10,5,41.0,0.05527805527805527,0.64,-0.2,1.0,4.329294660499727,exact,,0.608058608058608
blind_dom,peak_velocity,10,5,20.0,0.594072594072594,-0.2,-1.0,0.52,-5.786626612768725,exact,,1.0
blind_dom,movement_units,10,5,33.5,0.32167832167832167,0.34,-0.32049999999999995,0.92,1.0,"permutation, seed 42",,1.0
blind_ndom,recording_duration_seconds,10,5,45.0,0.012654012654012654,0.8,0.36,1.0,7.621094560249276,exact,,0.17715617715617715
blind_ndom,time_to_key_seconds,10,5,39.0,0.09923409923409923,0.56,-0.2,1.0,3.779827999499844,exact,,0.9923409923409923
blind_ndom,post_key_duration_seconds,10,5,45.0,0.012654012654012654,0.8,0.4,1.0,3.9036864607499524,exact,,0.17715617715617715
blind_ndom,peak_velocity,10,5,22.0,0.7678987678987679,-0.12,-0.76,0.52,-6.15205001779967,exact,,1.0
blind_ndom,movement_units,10,5,34.0,0.3096903096903097,0.36,-0.32,0.92,5.75,exact,,1.0
normal_dom,recording_duration_seconds,10,5,50.0,0.000666000666000666,1.0,1.0,1.0,3.9175253607506875,exact,,0.01332001332001332
normal_dom,time_to_key_seconds,10,5,50.0,0.000666000666000666,1.0,1.0,1.0,1.878167945500536,exact,,0.01332001332001332
normal_dom,post_key_duration_seconds,10,5,50.0,0.000666000666000666,1.0,1.0,1.0,2.3199734434999755,exact,,0.01332001332001332
normal_dom,peak_velocity,10,5,22.0,0.7678987678987679,-0.12,-0.68,0.6,0.7218619932529826,exact,,1.0
normal_dom,movement_units,10,5,37.0,0.15517815517815517,0.48,-0.2,0.92,7.0,"permutation, seed 42",,1.0
normal_ndom,recording_duration_seconds,10,5,47.0,0.004662004662004662,0.88,0.6,1.0,3.648076155000126,exact,,0.07459207459207459
normal_ndom,time_to_key_seconds,10,5,35.0,0.2544122544122544,0.4,-0.16,0.8409999999999945,1.6279731769998307,exact,,1.0
normal_ndom,post_key_duration_seconds,10,5,49.0,0.001332001332001332,0.96,0.76,1.0,3.1757236665006303,exact,,0.022644022644022644
normal_ndom,peak_velocity,10,5,30.0,0.594072594072594,0.2,-0.4,0.76,1.3659751645446256,exact,,1.0
normal_ndom,movement_units,10,5,35.5,0.21645021645021645,0.42,-0.22049999999999997,0.88,12.0,"permutation, seed 42",,1.0
