group,source_subject_name,subject_name,experiment_type,recorded_trials,timing_trials,motion_trials,manually_excluded
control,Consti,Consti,blind_dom,2,2,2,0
control,Consti,Consti,blind_ndom,2,2,2,0
control,Consti,Consti,normal_dom,2,2,2,0
control,Consti,Consti,normal_ndom,2,2,2,0
control,Elena,Elena,blind_dom,1,1,1,0
control,Elena,Elena,blind_ndom,1,1,1,0
control,Elena,Elena,normal_dom,1,1,1,0
control,Elena,Elena,normal_ndom,1,1,1,0
control,Katharina,Katharina,blind_dom,1,1,1,0
control,Katharina,Katharina,blind_ndom,1,1,1,0
control,Katharina,Katharina,normal_dom,1,1,1,0
control,Katharina,Katharina,normal_ndom,1,1,1,0
control,Lisa-Marie,Lisa-Marie,blind_dom,1,1,1,0
control,Lisa-Marie,Lisa-Marie,blind_ndom,1,1,1,0
control,Lisa-Marie,Lisa-Marie,normal_dom,1,1,1,0
control,Lisa-Marie,Lisa-Marie,normal_ndom,1,1,1,0
control,Philipp,Philipp,blind_dom,1,1,1,0
control,Philipp,Philipp,blind_ndom,1,1,1,0
control,Philipp,Philipp,normal_dom,1,1,1,0
control,Philipp,Philipp,normal_ndom,1,1,1,0
control,Yoconda,Yoconda,blind_dom,1,1,1,0
control,Yoconda,Yoconda,blind_ndom,1,1,1,0
control,Yoconda,Yoconda,normal_dom,1,1,1,0
control,Yoconda,Yoconda,normal_ndom,1,1,1,0
control,Yoconda1,Yoconda,blind_dom,1,1,1,0
control,Yoconda1,Yoconda,blind_ndom,1,1,1,0
control,Yoconda1,Yoconda,normal_dom,1,1,0,0
control,Yoconda1,Yoconda,normal_ndom,1,1,1,0
control,emily,emily,blind_dom,2,2,2,0
control,emily,emily,blind_ndom,2,2,2,0
control,emily,emily,normal_dom,2,2,2,0
control,emily,emily,normal_ndom,2,2,2,0
control,jakub,jakub,blind_dom,2,1,1,0
control,jakub,jakub,blind_ndom,1,1,1,0
control,jakub,jakub,normal_dom,2,1,1,0
control,jakub,jakub,normal_ndom,1,1,1,0
control,lars,lars,blind_dom,2,2,2,0
control,lars,lars,blind_ndom,2,2,2,0
control,lars,lars,normal_dom,2,2,2,0
control,lars,lars,normal_ndom,2,2,2,0
control,marius,marius,blind_dom,1,1,1,0
control,marius,marius,blind_ndom,1,1,1,0
control,marius,marius,normal_dom,1,1,1,0
control,marius,marius,normal_ndom,1,1,1,0
disease,ms1,ms1,blind_dom,2,2,2,0
disease,ms1,ms1,blind_ndom,2,2,2,0
disease,ms1,ms1,normal_dom,2,2,2,0
disease,ms1,ms1,normal_ndom,2,2,2,0
disease,ms2,ms2,blind_dom,2,2,2,0
disease,ms2,ms2,blind_ndom,2,2,2,0
disease,ms2,ms2,normal_dom,2,2,2,0
disease,ms2,ms2,normal_ndom,2,2,2,0
disease,ms3,ms3,blind_dom,2,1,1,1
disease,ms3,ms3,blind_ndom,2,1,1,0
disease,ms3,ms3,normal_dom,1,1,1,0
disease,ms3,ms3,normal_ndom,2,2,2,0
disease,ms4,ms4,blind_dom,2,2,2,0
disease,ms4,ms4,blind_ndom,2,2,2,0
disease,ms4,ms4,normal_dom,2,2,2,0
disease,ms4,ms4,normal_ndom,2,2,2,0
disease,ms5,ms5,blind_dom,2,2,2,0
disease,ms5,ms5,blind_ndom,2,2,2,0
disease,ms5,ms5,normal_dom,2,2,2,0
disease,ms5,ms5,normal_ndom,2,2,2,0
