trial_id,subject_name,group,experiment_type,status,frames_recorded,duration_seconds,dominant_hand,csv_path,metadata_path,error,manual_exclusion_reason,manually_excluded,recording_duration_seconds,tip_dispersion_rms,pinch_sd,pinch_mean,tip_speed_mean,tip_path_length,selected_hand,selected_frames,detection_coverage,max_detection_gap_seconds,analysis_eligible,exclusion_reason,time_to_key_seconds,post_key_duration_seconds,key_in_lock_seconds,task_duration_seconds,unlock_duration_seconds,initial_rest_tip_dispersion_rms,final_rest_tip_dispersion_rms,pickup_duration_seconds,return_duration_seconds,initial_rest_duration_seconds,final_rest_duration_seconds,initial_rest_frames,final_rest_frames,task_success,task_outcome,annotation_status,phase_quality_note,source_subject_name,report_cohort_eligible,timing_eligible,motion_eligible,peak_velocity,movement_units,velocity_note
Consti/blind_dom_2026-10-08_15-06-38_039322,Consti,control,blind_dom,completed,119,8.641591941000115,right,/home/jakub/Projects/proj/data/Consti/blind_dom_2026-10-08_15-06-38_039322/hand_data.csv,/home/jakub/Projects/proj/data/Consti/blind_dom_2026-10-08_15-06-38_039322/metadata.json,,,False,8.641591941000115,1.4812767926928199,0.6522160973835203,0.9781494469846216,2.8632441441244625,24.094199472807354,right,117,0.9831932773109243,0.22599999999999998,True,,4.079906495000159,4.561685445999956,4.079906495000159,,,,,,,,,,,1.0,success,annotated,,Consti,True,True,True,12.192548820283116,28.0,
Consti/blind_dom_2026-10-08_15-07-40_143253,Consti,control,blind_dom,completed,93,6.754533664000064,right,/home/jakub/Projects/proj/data/Consti/blind_dom_2026-10-08_15-07-40_143253/hand_data.csv,/home/jakub/Projects/proj/data/Consti/blind_dom_2026-10-08_15-07-40_143253/metadata.json,,,False,6.754533664000064,1.3878594602729502,0.7391038638415047,1.026026309914702,2.933711337241255,19.814286371727434,right,93,1.0,0.10099999999999998,True,,3.292471346000184,3.46206231799988,3.292471346000184,,,,,,,,,,,1.0,success,annotated,,Consti,True,True,True,12.822829674672098,24.0,
Consti/blind_ndom_2026-10-08_15-07-24_080716,Consti,control,blind_ndom,completed,115,8.4150000059999,right,/home/jakub/Projects/proj/data/Consti/blind_ndom_2026-10-08_15-07-24_080716/hand_data.csv,/home/jakub/Projects/proj/data/Consti/blind_ndom_2026-10-08_15-07-24_080716/metadata.json,,,False,8.4150000059999,1.0454145883204131,0.4091344832016105,0.7313742048641793,1.945175034623959,15.790930931077295,left,113,0.9826086956521739,0.14900000000000002,True,,5.0103214390001085,3.4046785669997917,5.0103214390001085,,,,,,,,,,,1.0,success,annotated,,Consti,True,True,True,12.085491039263275,20.0,
Consti/blind_ndom_2026-10-08_15-08-40_381941,Consti,control,blind_ndom,completed,72,5.23905657899968,right,/home/jakub/Projects/proj/data/Consti/blind_ndom_2026-10-08_15-08-40_381941/hand_data.csv,/home/jakub/Projects/proj/data/Consti/blind_ndom_2026-10-08_15-08-40_381941/metadata.json,,,False,5.23905657899968,0.9155283230362659,0.36635723390056085,0.7129323510989205,2.117280526379152,11.092432677700376,left,72,1.0,0.08,True,,2.3677978239998083,2.8712587549998716,2.3677978239998083,,,,,,,,,,,1.0,success,annotated,,Consti,True,True,True,9.487057177702315,15.0,
Consti/normal_dom_2026-10-08_15-06-57_405008,Consti,control,normal_dom,completed,84,6.13674472699995,right,/home/jakub/Projects/proj/data/Consti/normal_dom_2026-10-08_15-06-57_405008/hand_data.csv,/home/jakub/Projects/proj/data/Consti/normal_dom_2026-10-08_15-06-57_405008/metadata.json,,,False,6.13674472699995,1.5093232527765943,0.5372424145220751,0.7270048141781491,2.6552820057577167,16.29281038732935,right,84,1.0,0.08,True,,3.4769180749999578,2.6598266519999925,3.4769180749999578,,,,,,,,,,,1.0,success,annotated,,Consti,True,True,True,15.698306248400613,19.0,
Consti/normal_dom_2026-10-08_15-08-53_044838,Consti,control,normal_dom,completed,63,4.575859862000016,right,/home/jakub/Projects/proj/data/Consti/normal_dom_2026-10-08_15-08-53_044838/hand_data.csv,/home/jakub/Projects/proj/data/Consti/normal_dom_2026-10-08_15-08-53_044838/metadata.json,,,False,4.575859862000016,1.48155098130793,0.7452603654394488,1.0528067013100864,3.685008003532297,16.85891161616026,right,63,1.0,0.07600000000000051,True,,2.3637103189998925,2.2121495430001232,2.3637103189998925,,,,,,,,,,,1.0,success,annotated,,Consti,True,True,True,17.132281218976626,15.0,
Consti/normal_ndom_2026-10-08_15-05-33_498500,Consti,control,normal_ndom,completed,82,5.989848531000007,right,/home/jakub/Projects/proj/data/Consti/normal_ndom_2026-10-08_15-05-33_498500/hand_data.csv,/home/jakub/Projects/proj/data/Consti/normal_ndom_2026-10-08_15-05-33_498500/metadata.json,,,False,5.989848531000007,0.8418756009835014,0.29872841610905293,0.7326137300276085,1.6876745212877449,10.107482707992304,left,82,1.0,0.107,True,,2.298928159999832,3.690920371000175,2.298928159999832,,,,,,,,,,,1.0,success,annotated,,Consti,True,True,True,6.2662242425806856,22.0,
Consti/normal_ndom_2026-10-08_15-08-26_876377,Consti,control,normal_ndom,completed,64,4.647506162000354,right,/home/jakub/Projects/proj/data/Consti/normal_ndom_2026-10-08_15-08-26_876377/hand_data.csv,/home/jakub/Projects/proj/data/Consti/normal_ndom_2026-10-08_15-08-26_876377/metadata.json,,,False,4.647506162000354,1.1283189248979009,0.5796386373957375,0.8032939406401659,2.4049009797444896,11.175574852872643,left,64,1.0,0.07699999999999996,True,,1.991510567000205,2.6559955950001495,1.991510567000205,,,,,,,,,,,1.0,success,annotated,,Consti,True,True,True,8.375793803230254,16.0,
Elena/blind_dom_2026-10-07_16-20-50_742105,Elena,control,blind_dom,completed,243,10.101178273998812,right,/home/jakub/Projects/proj/data/Elena/blind_dom_2026-10-07_16-20-50_742105/hand_data.csv,/home/jakub/Projects/proj/data/Elena/blind_dom_2026-10-07_16-20-50_742105/metadata.json,,,False,10.101178273998812,1.2383174135208566,0.8896457926407285,0.8864991606166847,3.1196063853625087,31.5111440985467,right,243,1.0,0.058999999999999275,True,,6.820210017998761,3.280968256000051,6.820210017998761,,,,,,,,,,,1.0,success,annotated,,Elena,True,True,True,25.34952564780912,44.0,
Elena/blind_ndom_2026-10-07_16-20-32_040469,Elena,control,blind_ndom,completed,157,6.547582932998921,right,/home/jakub/Projects/proj/data/Elena/blind_ndom_2026-10-07_16-20-32_040469/hand_data.csv,/home/jakub/Projects/proj/data/Elena/blind_ndom_2026-10-07_16-20-32_040469/metadata.json,,,False,6.547582932998921,0.9330333570643723,0.5540896605332004,0.8369577191821552,2.897246171018435,18.968270681657692,left,157,1.0,0.049,True,,2.2371403990000545,4.310442533998867,2.2371403990000545,,,,,,,,,,,1.0,success,annotated,,Elena,True,True,True,24.88610952150938,37.0,
Elena/normal_dom_2026-10-07_16-20-13_904486,Elena,control,normal_dom,completed,125,5.213980200998776,right,/home/jakub/Projects/proj/data/Elena/normal_dom_2026-10-07_16-20-13_904486/hand_data.csv,/home/jakub/Projects/proj/data/Elena/normal_dom_2026-10-07_16-20-13_904486/metadata.json,,,False,5.213980200998776,0.8519119406075378,0.749633382980845,0.7543590591730864,2.415290671481351,12.590910270432284,right,125,1.0,0.05600000000000005,True,,1.725506602000678,3.488473598998098,1.725506602000678,,,,,,,,,,,1.0,success,annotated,,Elena,True,True,True,16.221989746380146,28.0,
Elena/normal_ndom_2026-10-07_16-19-03_281416,Elena,control,normal_ndom,completed,134,5.55350012299823,right,/home/jakub/Projects/proj/data/Elena/normal_ndom_2026-10-07_16-19-03_281416/hand_data.csv,/home/jakub/Projects/proj/data/Elena/normal_ndom_2026-10-07_16-19-03_281416/metadata.json,,,False,5.55350012299823,0.9818549065795198,0.6790851241213703,0.809463384964951,2.3128496185731833,12.843253931936886,left,134,1.0,0.069,True,,1.7152310800011037,3.8382690429971262,1.7152310800011037,,,,,,,,,,,1.0,success,annotated,,Elena,True,True,True,10.079744848076686,41.0,
Katharina/blind_dom_2026-10-07_16-41-17_944735,Katharina,control,blind_dom,completed,153,6.356821377001324,right,/home/jakub/Projects/proj/data/Katharina/blind_dom_2026-10-07_16-41-17_944735/hand_data.csv,/home/jakub/Projects/proj/data/Katharina/blind_dom_2026-10-07_16-41-17_944735/metadata.json,,,False,6.356821377001324,2.028592022790033,0.5659623932037596,1.1103985666860745,5.085953512713056,32.32632052680418,right,153,1.0,0.05,True,,3.3896705170009227,2.9671508600004017,3.3896705170009227,,,,,,,,,,,1.0,success,annotated,,Katharina,True,True,True,57.788322084772744,17.0,
Katharina/blind_ndom_2026-10-07_16-40-35_745860,Katharina,control,blind_ndom,completed,245,10.231810908000625,right,/home/jakub/Projects/proj/data/Katharina/blind_ndom_2026-10-07_16-40-35_745860/hand_data.csv,/home/jakub/Projects/proj/data/Katharina/blind_ndom_2026-10-07_16-40-35_745860/metadata.json,,,False,10.231810908000625,2.1444328241909445,0.6231670774460817,1.0458565060233558,7.3381330741844115,75.07643948198071,left,245,1.0,0.05400000000000027,True,,4.672037935000844,5.559772972999781,4.672037935000844,,,,,,,,,,,1.0,success,annotated,,Katharina,True,True,True,35.91303932870869,51.0,
Katharina/normal_dom_2026-10-07_16-38-40_830466,Katharina,control,normal_dom,completed,132,5.54840310399959,right,/home/jakub/Projects/proj/data/Katharina/normal_dom_2026-10-07_16-38-40_830466/hand_data.csv,/home/jakub/Projects/proj/data/Katharina/normal_dom_2026-10-07_16-38-40_830466/metadata.json,,,False,5.54840310399959,2.0446690680599087,0.6854412058019519,0.8074814304087751,5.132032719502757,28.046558812082566,right,131,0.9924242424242424,0.08300000000000018,True,,2.4950276519994077,3.053375452000182,2.4950276519994077,,,,,,,,,,,1.0,success,annotated,,Katharina,True,True,True,25.007021355977795,33.0,
Katharina/normal_ndom_2026-10-07_16-41-02_042205,Katharina,control,normal_ndom,completed,140,5.798105582001881,right,/home/jakub/Projects/proj/data/Katharina/normal_ndom_2026-10-07_16-41-02_042205/hand_data.csv,/home/jakub/Projects/proj/data/Katharina/normal_ndom_2026-10-07_16-41-02_042205/metadata.json,,,False,5.798105582001881,2.5131441630615043,0.6640482851599616,1.0384512533534997,9.156473129218822,53.08923120321073,left,140,1.0,0.049,True,,4.506548889999976,1.2915566920019046,4.506548889999976,,,,,,,,,,,1.0,success,annotated,,Katharina,True,True,True,32.69068670417526,37.0,
Lisa-Marie/blind_dom_2026-10-07_15-54-51_777434,Lisa-Marie,control,blind_dom,completed,123,5.208601464997628,right,/home/jakub/Projects/proj/data/Lisa-Marie/blind_dom_2026-10-07_15-54-51_777434/hand_data.csv,/home/jakub/Projects/proj/data/Lisa-Marie/blind_dom_2026-10-07_15-54-51_777434/metadata.json,,,False,5.208601464997628,2.0144536745972106,0.866474825390233,1.1841405218066574,6.281029496144069,32.71160161591831,right,123,1.0,0.067,True,,2.550000661998638,2.65860080299899,2.550000661998638,,,,,,,,,,,1.0,success,annotated,,Lisa-Marie,True,True,True,45.43804498473385,25.0,
Lisa-Marie/blind_ndom_2026-10-07_15-55-40_446473,Lisa-Marie,control,blind_ndom,completed,131,5.455848842000705,right,/home/jakub/Projects/proj/data/Lisa-Marie/blind_ndom_2026-10-07_15-55-40_446473/hand_data.csv,/home/jakub/Projects/proj/data/Lisa-Marie/blind_ndom_2026-10-07_15-55-40_446473/metadata.json,,,False,5.455848842000705,1.5972470650237087,0.6352800848598704,0.7830377494684617,4.489864932882148,24.49221320887212,left,131,1.0,0.046,True,,3.202107838002121,2.2537410039985843,3.202107838002121,,,,,,,,,,,1.0,success,annotated,,Lisa-Marie,True,True,True,35.05087458693013,24.0,
Lisa-Marie/normal_dom_2026-10-07_15-55-15_696854,Lisa-Marie,control,normal_dom,completed,103,4.3113087989986525,right,/home/jakub/Projects/proj/data/Lisa-Marie/normal_dom_2026-10-07_15-55-15_696854/hand_data.csv,/home/jakub/Projects/proj/data/Lisa-Marie/normal_dom_2026-10-07_15-55-15_696854/metadata.json,,,False,4.3113087989986525,1.4918916485453246,0.4405042701548455,0.8970641759385075,3.4577384520273196,14.906310466689774,right,103,1.0,0.04700000000000015,True,,2.2613376359986432,2.0499711630000093,2.2613376359986432,,,,,,,,,,,1.0,success,annotated,,Lisa-Marie,True,True,True,20.14414588307136,21.0,
Lisa-Marie/normal_ndom_2026-10-07_15-55-26_395054,Lisa-Marie,control,normal_ndom,completed,91,3.8250853230019857,right,/home/jakub/Projects/proj/data/Lisa-Marie/normal_ndom_2026-10-07_15-55-26_395054/hand_data.csv,/home/jakub/Projects/proj/data/Lisa-Marie/normal_ndom_2026-10-07_15-55-26_395054/metadata.json,,,False,3.8250853230019857,1.5264967538508767,0.6603317641975721,0.9064869822793639,4.912808243629245,18.791491531881864,left,91,1.0,0.052,True,,1.7039183039996715,2.121167019002314,1.7039183039996715,,,,,,,,,,,1.0,success,annotated,,Lisa-Marie,True,True,True,17.7911957409804,24.0,
Philipp/blind_dom_2026-10-07_16-23-57_205965,Philipp,control,blind_dom,completed,121,5.197650281999813,right,/home/jakub/Projects/proj/data/Philipp/blind_dom_2026-10-07_16-23-57_205965/hand_data.csv,/home/jakub/Projects/proj/data/Philipp/blind_dom_2026-10-07_16-23-57_205965/metadata.json,,,False,5.197650281999813,1.9246505907471818,0.8012797331368392,1.0249745292979977,4.667834434718929,23.44186453115846,right,119,0.9834710743801653,0.089,True,,2.7167240979979397,2.4809261840018735,2.7167240979979397,,,,,,,,,,,1.0,success,annotated,,Philipp,True,True,True,23.337546319688034,29.0,
Philipp/blind_ndom_2026-10-07_16-22-47_940537,Philipp,control,blind_ndom,completed,191,8.202668333000474,right,/home/jakub/Projects/proj/data/Philipp/blind_ndom_2026-10-07_16-22-47_940537/hand_data.csv,/home/jakub/Projects/proj/data/Philipp/blind_ndom_2026-10-07_16-22-47_940537/metadata.json,,,False,8.202668333000474,1.1931080545013144,0.4690878359382148,0.6117246578148734,2.9524194249551536,21.995524715915895,left,174,0.9109947643979057,0.752,True,,5.222574801999144,2.98009353100133,5.222574801999144,,,,,,,,,,,1.0,success,annotated,,Philipp,True,True,True,16.861847830575957,39.0,
Philipp/normal_dom_2026-10-07_16-24-31_616439,Philipp,control,normal_dom,completed,108,4.624045239001134,right,/home/jakub/Projects/proj/data/Philipp/normal_dom_2026-10-07_16-24-31_616439/hand_data.csv,/home/jakub/Projects/proj/data/Philipp/normal_dom_2026-10-07_16-24-31_616439/metadata.json,,,False,4.624045239001134,1.3774277352803634,0.6868044297154386,0.8890317892996125,3.6366900141546448,16.816054625451077,right,108,1.0,0.05400000000000027,True,,2.0593607800001337,2.5646844590010005,2.0593607800001337,,,,,,,,,,,1.0,success,annotated,,Philipp,True,True,True,15.024806078422325,24.0,
Philipp/normal_ndom_2026-10-07_16-24-13_117061,Philipp,control,normal_ndom,completed,163,7.070687213999918,right,/home/jakub/Projects/proj/data/Philipp/normal_ndom_2026-10-07_16-24-13_117061/hand_data.csv,/home/jakub/Projects/proj/data/Philipp/normal_ndom_2026-10-07_16-24-13_117061/metadata.json,,,False,7.070687213999918,1.1002955971589004,0.40597711537768855,0.7880647876887075,2.4804939776069035,16.05623751704949,left,153,0.9386503067484663,0.21400000000000002,True,,4.0652265710014035,3.0054606429985142,4.0652265710014035,,,,,,,,,,,1.0,success,annotated,,Philipp,True,True,True,14.76050035415399,30.0,
Yoconda/blind_dom_2026-10-07_16-31-21_167727,Yoconda,control,blind_dom,completed,258,11.054271713001071,right,/home/jakub/Projects/proj/data/Yoconda/blind_dom_2026-10-07_16-31-21_167727/hand_data.csv,/home/jakub/Projects/proj/data/Yoconda/blind_dom_2026-10-07_16-31-21_167727/metadata.json,,,False,11.054271713001071,1.5280439547768387,0.7375544987139044,0.8833039042208799,4.803994237597216,48.650049644147,right,240,0.9302325581395349,0.585,True,,2.8459514570022293,8.208320255998842,2.8459514570022293,,,,,,,,,,,1.0,success,annotated,,Yoconda,True,True,True,49.88172255319612,27.0,
Yoconda/blind_ndom_2026-10-07_16-30-57_039345,Yoconda,control,blind_ndom,completed,196,8.400853864000965,right,/home/jakub/Projects/proj/data/Yoconda/blind_ndom_2026-10-07_16-30-57_039345/hand_data.csv,/home/jakub/Projects/proj/data/Yoconda/blind_ndom_2026-10-07_16-30-57_039345/metadata.json,,,False,8.400853864000965,1.2067362002511277,0.4789023369450824,0.9674641626726896,4.209383871402071,35.3588245197774,left,196,1.0,0.064,True,,2.850084962999972,5.550768901000993,2.850084962999972,,,,,,,,,,,1.0,success,annotated,,Yoconda,True,True,True,37.38679473044488,36.0,
Yoconda/normal_dom_2026-10-07_16-31-42_534878,Yoconda,control,normal_dom,completed,126,5.479361354002322,right,/home/jakub/Projects/proj/data/Yoconda/normal_dom_2026-10-07_16-31-42_534878/hand_data.csv,/home/jakub/Projects/proj/data/Yoconda/normal_dom_2026-10-07_16-31-42_534878/metadata.json,,,False,5.479361354002322,1.3881642674975485,0.8009464168628978,0.9644084217805201,4.581869062345082,23.133856895780315,right,121,0.9603174603174603,0.09800000000000031,True,,1.882153789003496,3.5972075649988255,1.882153789003496,,,,,,,,,,,1.0,success,annotated,,Yoconda,True,True,True,27.456715886572436,31.0,
Yoconda/normal_ndom_2026-10-07_16-31-59_658208,Yoconda,control,normal_ndom,completed,106,4.526638751998689,right,/home/jakub/Projects/proj/data/Yoconda/normal_ndom_2026-10-07_16-31-59_658208/hand_data.csv,/home/jakub/Projects/proj/data/Yoconda/normal_ndom_2026-10-07_16-31-59_658208/metadata.json,,,False,4.526638751998689,1.3503525898823552,0.6202203585195784,0.917143568491032,2.808921037895916,12.713176617516913,left,106,1.0,0.04799999999999993,True,,1.563585020001483,2.9630537319972063,1.563585020001483,,,,,,,,,,,1.0,success,annotated,,Yoconda,True,True,True,13.836700618263981,27.0,
Yoconda1/blind_dom_2026-10-07_16-35-40_167835,Yoconda,control,blind_dom,completed,173,7.527918567000597,right,/home/jakub/Projects/proj/data/Yoconda1/blind_dom_2026-10-07_16-35-40_167835/hand_data.csv,/home/jakub/Projects/proj/data/Yoconda1/blind_dom_2026-10-07_16-35-40_167835/metadata.json,,,False,7.527918567000597,1.376774813531083,0.651535286656855,0.9790924288059997,4.0044806134357325,26.409549645608656,right,157,0.9075144508670521,0.4620000000000002,True,,2.671039803997701,4.8568787630028964,2.671039803997701,,,,,,,,,,,1.0,success,annotated,,Yoconda1,True,True,True,25.766742816591893,31.0,
Yoconda1/blind_ndom_2026-10-07_16-36-38_535279,Yoconda,control,blind_ndom,completed,181,7.789575489001436,right,/home/jakub/Projects/proj/data/Yoconda1/blind_ndom_2026-10-07_16-36-38_535279/hand_data.csv,/home/jakub/Projects/proj/data/Yoconda1/blind_ndom_2026-10-07_16-36-38_535279/metadata.json,,,False,7.789575489001436,1.2504356816160336,0.4760550866366209,0.9826781489574611,2.692022444591599,20.736648890689082,left,180,0.994475138121547,0.08599999999999941,True,,3.9905289560010715,3.7990465330003644,3.9905289560010715,,,,,,,,,,,1.0,success,annotated,,Yoconda1,True,True,True,15.46071995767805,39.0,
Yoconda1/normal_dom_2026-10-07_16-36-21_841507,Yoconda,control,normal_dom,completed,139,6.013643412999954,right,/home/jakub/Projects/proj/data/Yoconda1/normal_dom_2026-10-07_16-36-21_841507/hand_data.csv,/home/jakub/Projects/proj/data/Yoconda1/normal_dom_2026-10-07_16-36-21_841507/metadata.json,,,False,6.013643412999954,1.1092454704155725,0.7255789058141507,0.9843519605991167,3.8424945533350368,17.11831323510759,right,107,0.7697841726618705,1.169,False,Detection coverage below 80%,2.0426593580014014,3.970984054998553,2.0426593580014014,,,,,,,,,,,1.0,success,annotated,,Yoconda1,True,True,False,,,
Yoconda1/normal_ndom_2026-10-07_16-36-06_567445,Yoconda,control,normal_ndom,completed,101,4.326646343000903,right,/home/jakub/Projects/proj/data/Yoconda1/normal_ndom_2026-10-07_16-36-06_567445/hand_data.csv,/home/jakub/Projects/proj/data/Yoconda1/normal_ndom_2026-10-07_16-36-06_567445/metadata.json,,,False,4.326646343000903,1.0997526344079767,0.5261842960312673,0.7575902077166938,2.6663915509250065,11.068191327889698,left,98,0.9702970297029703,0.17500000000000027,True,,1.6810475410020445,2.645598801998858,1.6810475410020445,,,,,,,,,,,1.0,success,annotated,,Yoconda1,True,True,True,12.613421435241566,25.0,
emily/blind_dom_2026-10-08_14-27-59_680672,emily,control,blind_dom,completed,138,8.967263763999881,right,/home/jakub/Projects/proj/data/emily/blind_dom_2026-10-08_14-27-59_680672/hand_data.csv,/home/jakub/Projects/proj/data/emily/blind_dom_2026-10-08_14-27-59_680672/metadata.json,,,False,8.967263763999881,2.7535211093806993,0.7781079372533302,1.4153803048083091,6.479047490641249,58.09761884858008,right,138,1.0,0.07600000000000051,True,,3.0817482239999663,5.885515539999915,3.0817482239999663,,,,,,,,,,,1.0,success,annotated,,emily,True,True,True,35.200119383520764,38.0,
emily/blind_dom_2026-10-08_14-29-52_006649,emily,control,blind_dom,completed,95,6.926560256999892,right,/home/jakub/Projects/proj/data/emily/blind_dom_2026-10-08_14-29-52_006649/hand_data.csv,/home/jakub/Projects/proj/data/emily/blind_dom_2026-10-08_14-29-52_006649/metadata.json,,,False,6.926560256999892,2.0636687278769426,0.7539153491395157,1.2669493549766404,4.983008492857942,31.622171895676505,right,89,0.9368421052631579,0.2859999999999996,True,,2.670861559000059,4.255698697999833,2.670861559000059,,,,,,,,,,,1.0,success,annotated,,emily,True,True,True,27.61528063548292,21.0,
emily/blind_ndom_2026-10-08_14-28-47_045103,emily,control,blind_ndom,completed,247,13.588505523000094,right,/home/jakub/Projects/proj/data/emily/blind_ndom_2026-10-08_14-28-47_045103/hand_data.csv,/home/jakub/Projects/proj/data/emily/blind_ndom_2026-10-08_14-28-47_045103/metadata.json,,,False,13.588505523000094,1.3882630401697087,0.6452015308441312,0.7923505334008569,5.262115687651802,66.00797918590419,left,233,0.9433198380566802,0.3680000000000003,True,,9.55892932300003,4.029576200000065,9.55892932300003,,,,,,,,,,,1.0,success,annotated,,emily,True,True,True,32.11228460902951,55.0,
emily/blind_ndom_2026-10-08_14-29-09_327188,emily,control,blind_ndom,completed,80,5.773995918000082,right,/home/jakub/Projects/proj/data/emily/blind_ndom_2026-10-08_14-29-09_327188/hand_data.csv,/home/jakub/Projects/proj/data/emily/blind_ndom_2026-10-08_14-29-09_327188/metadata.json,,,False,5.773995918000082,1.5366693882618283,0.5826066635744485,0.9848000475492069,5.469821475970122,30.231703297686852,left,78,0.975,0.24600000000000044,True,,2.466236692000166,3.3077592259999165,2.466236692000166,,,,,,,,,,,1.0,success,annotated,,emily,True,True,True,46.07585746683216,14.0,
emily/normal_dom_2026-10-08_14-28-30_245799,emily,control,normal_dom,completed,136,8.739918261999946,right,/home/jakub/Projects/proj/data/emily/normal_dom_2026-10-08_14-28-30_245799/hand_data.csv,/home/jakub/Projects/proj/data/emily/normal_dom_2026-10-08_14-28-30_245799/metadata.json,,,False,8.739918261999946,1.5224717961138126,0.6260916003757165,1.0159940127591118,2.644898208598149,22.30707149131679,right,132,0.9705882352941176,0.17499999999999982,True,,4.350094368999862,4.389823893000084,4.350094368999862,,,,,,,,,,,1.0,success,annotated,,emily,True,True,True,26.57197461895591,16.0,
emily/normal_dom_2026-10-08_14-30-08_205258,emily,control,normal_dom,completed,86,6.273226697999917,right,/home/jakub/Projects/proj/data/emily/normal_dom_2026-10-08_14-30-08_205258/hand_data.csv,/home/jakub/Projects/proj/data/emily/normal_dom_2026-10-08_14-30-08_205258/metadata.json,,,False,6.273226697999917,1.220629407326709,0.5575781716206513,0.7551928035383825,1.9507713532627389,11.086233600592145,right,81,0.9418604651162791,0.29499999999999993,True,,3.061335558999872,3.211891139000045,3.061335558999872,,,,,,,,,,,1.0,success,annotated,,emily,True,True,True,11.58150383985324,17.0,
emily/normal_ndom_2026-10-08_14-26-39_076998,emily,control,normal_ndom,completed,188,11.277839406000112,right,/home/jakub/Projects/proj/data/emily/normal_ndom_2026-10-08_14-26-39_076998/hand_data.csv,/home/jakub/Projects/proj/data/emily/normal_ndom_2026-10-08_14-26-39_076998/metadata.json,,,False,11.277839406000112,1.1094160623439742,0.5165414648883525,0.9864042369579727,3.953240527199062,40.765816316476716,left,173,0.9202127659574468,0.3660000000000001,True,,4.208897115000127,7.068942290999985,4.208897115000127,,,,,,,,,,,1.0,success,annotated,,emily,True,True,True,64.0341377210157,19.0,
emily/normal_ndom_2026-10-08_14-29-34_284132,emily,control,normal_ndom,completed,98,7.152035304000037,right,/home/jakub/Projects/proj/data/emily/normal_ndom_2026-10-08_14-29-34_284132/hand_data.csv,/home/jakub/Projects/proj/data/emily/normal_ndom_2026-10-08_14-29-34_284132/metadata.json,,,False,7.152035304000037,1.6939255442389014,0.8333633627394085,1.5751596417896894,5.882818915671589,37.70298643053921,left,91,0.9285714285714286,0.2919999999999999,True,,4.717581463999977,2.43445384000006,4.717581463999977,,,,,,,,,,,1.0,success,annotated,,emily,True,True,True,55.147191583230956,13.0,
jakub/blind_dom_2026-10-07_15-52-21_858210,jakub,control,blind_dom,completed,99,4.179216044998611,right,/home/jakub/Projects/proj/data/jakub/blind_dom_2026-10-07_15-52-21_858210/hand_data.csv,/home/jakub/Projects/proj/data/jakub/blind_dom_2026-10-07_15-52-21_858210/metadata.json,,,False,4.179216044998611,1.393101261847566,0.7828718848713906,0.9615825908961426,4.0137382547536395,16.08706292505259,right,97,0.9797979797979798,0.08600000000000002,True,,2.134161232999759,2.0450548119988525,2.134161232999759,,,,,,,,,,,1.0,success,annotated,,jakub,True,True,True,21.55951342273946,25.0,
jakub/blind_dom_2026-10-08_09-55-16_164183,jakub,control,blind_dom,cancelled,0,0.0,right,/home/jakub/Projects/proj/data/jakub/blind_dom_2026-10-08_09-55-16_164183/hand_data.csv,/home/jakub/Projects/proj/data/jakub/blind_dom_2026-10-08_09-55-16_164183/metadata.json,,,False,0.0,,,,,,,0,,,False,Trial status: cancelled; No unambiguous detections of the selected hand,,,,,,,,,,,,,,,unknown,not annotated,,jakub,False,False,False,,,
jakub/blind_ndom_2026-10-07_15-51-48_375727,jakub,control,blind_ndom,completed,205,8.97123012999873,right,/home/jakub/Projects/proj/data/jakub/blind_ndom_2026-10-07_15-51-48_375727/hand_data.csv,/home/jakub/Projects/proj/data/jakub/blind_ndom_2026-10-07_15-51-48_375727/metadata.json,,,False,8.97123012999873,1.694415380907378,0.9685077078432246,0.9672276555637588,4.663288830584868,41.83436409917685,left,205,1.0,0.052000000000000046,True,,6.562735694998992,2.4084944349997386,6.562735694998992,,,,,,,,,,,1.0,success,annotated,,jakub,True,True,True,35.00744583182245,41.0,
jakub/normal_dom_2026-10-07_15-49-44_886709,jakub,control,normal_dom,completed,106,4.637008648001938,right,/home/jakub/Projects/proj/data/jakub/normal_dom_2026-10-07_15-49-44_886709/hand_data.csv,/home/jakub/Projects/proj/data/jakub/normal_dom_2026-10-07_15-49-44_886709/metadata.json,,,False,4.637008648001938,1.5393327355436335,0.7280637561051699,0.9258022998818586,5.810895495165531,22.953037205903847,right,94,0.8867924528301887,0.455,True,,2.2930949710025743,2.343913676999364,2.2930949710025743,,,,,,,,,,,1.0,success,annotated,,jakub,True,True,True,29.549140489505234,23.0,
jakub/normal_dom_2026-10-08_09-52-29_872002,jakub,control,normal_dom,cancelled,0,0.0,right,/home/jakub/Projects/proj/data/jakub/normal_dom_2026-10-08_09-52-29_872002/hand_data.csv,/home/jakub/Projects/proj/data/jakub/normal_dom_2026-10-08_09-52-29_872002/metadata.json,,,False,0.0,,,,,,,0,,,False,Trial status: cancelled; No unambiguous detections of the selected hand,,,,,,,,,,,,,,,unknown,not annotated,,jakub,False,False,False,,,
jakub/normal_ndom_2026-10-07_15-52-10_103763,jakub,control,normal_ndom,completed,92,3.8970414100003836,right,/home/jakub/Projects/proj/data/jakub/normal_ndom_2026-10-07_15-52-10_103763/hand_data.csv,/home/jakub/Projects/proj/data/jakub/normal_ndom_2026-10-07_15-52-10_103763/metadata.json,,,False,3.8970414100003836,1.7348107032170623,0.6956427036832107,1.1980164933232391,4.879383773214245,18.58557279217306,left,91,0.9891304347826086,0.08800000000000008,True,,1.861057582002104,2.0359838279982796,1.861057582002104,,,,,,,,,,,1.0,success,annotated,,jakub,True,True,True,27.222215123778714,19.0,
lars/blind_dom_2026-10-08_14-53-24_309456,lars,control,blind_dom,completed,129,8.784933549000016,right,/home/jakub/Projects/proj/data/lars/blind_dom_2026-10-08_14-53-24_309456/hand_data.csv,/home/jakub/Projects/proj/data/lars/blind_dom_2026-10-08_14-53-24_309456/metadata.json,,,False,8.784933549000016,1.8669310655600637,0.9403768855614654,1.304628720128452,3.1923038437535123,28.04119696353086,right,129,1.0,0.08,True,,4.904995970000073,3.879937578999943,4.904995970000073,,,,,,,,,,,1.0,success,annotated,,lars,True,True,True,17.15229669637742,37.0,
lars/blind_dom_2026-10-08_14-54-40_988943,lars,control,blind_dom,completed,79,5.7297960430000785,right,/home/jakub/Projects/proj/data/lars/blind_dom_2026-10-08_14-54-40_988943/hand_data.csv,/home/jakub/Projects/proj/data/lars/blind_dom_2026-10-08_14-54-40_988943/metadata.json,,,False,5.7297960430000785,1.7352637095635977,0.8539222053682726,1.2000054234025115,4.002249590811627,22.92888790575981,right,79,1.0,0.07900000000000018,True,,2.447355516999778,3.2824405260003005,2.447355516999778,,,,,,,,,,,1.0,success,annotated,,lars,True,True,True,20.345277618805422,19.0,
lars/blind_ndom_2026-10-08_14-53-42_937844,lars,control,blind_ndom,completed,110,7.834560906999741,right,/home/jakub/Projects/proj/data/lars/blind_ndom_2026-10-08_14-53-42_937844/hand_data.csv,/home/jakub/Projects/proj/data/lars/blind_ndom_2026-10-08_14-53-42_937844/metadata.json,,,False,7.834560906999741,1.4221689101601191,0.7741732630329423,0.8637491510984183,2.935847080369988,22.999426027618487,left,110,1.0,0.07699999999999996,True,,3.6755046979997132,4.159056209000028,3.6755046979997132,,,,,,,,,,,1.0,success,annotated,,lars,True,True,True,10.986242978504759,30.0,
lars/blind_ndom_2026-10-08_14-54-59_148651,lars,control,blind_ndom,completed,94,6.7690438800000265,right,/home/jakub/Projects/proj/data/lars/blind_ndom_2026-10-08_14-54-59_148651/hand_data.csv,/home/jakub/Projects/proj/data/lars/blind_ndom_2026-10-08_14-54-59_148651/metadata.json,,,False,6.7690438800000265,1.3660917626254678,0.9133533404096676,0.8866469811011031,3.2384472287780697,21.921049291598756,left,94,1.0,0.07600000000000007,True,,3.0127125919998434,3.756331288000183,3.0127125919998434,,,,,,,,,,,1.0,success,annotated,,lars,True,True,True,15.794766830638151,24.0,
lars/normal_dom_2026-10-08_14-53-05_123657,lars,control,normal_dom,completed,98,7.0962277749999885,right,/home/jakub/Projects/proj/data/lars/normal_dom_2026-10-08_14-53-05_123657/hand_data.csv,/home/jakub/Projects/proj/data/lars/normal_dom_2026-10-08_14-53-05_123657/metadata.json,,,False,7.0962277749999885,1.995788493851887,1.0923593292362066,1.412919074991325,4.8042392368780265,34.09088162488648,right,98,1.0,0.08,True,,2.2145786010000847,4.881649173999904,2.2145786010000847,,,,,,,,,,,1.0,success,annotated,,lars,True,True,True,15.907476803874097,27.0,
lars/normal_dom_2026-10-08_14-53-59_401486,lars,control,normal_dom,completed,68,4.95412134199978,right,/home/jakub/Projects/proj/data/lars/normal_dom_2026-10-08_14-53-59_401486/hand_data.csv,/home/jakub/Projects/proj/data/lars/normal_dom_2026-10-08_14-53-59_401486/metadata.json,,,False,4.95412134199978,1.5203010796600298,0.6213725367773224,1.1097694953207036,4.0399745755264656,20.01403404715811,right,68,1.0,0.082,True,,1.7073897189998206,3.2467316229999597,1.7073897189998206,,,,,,,,,,,1.0,success,annotated,,lars,True,True,True,18.70950480285163,17.0,
lars/normal_ndom_2026-10-08_14-51-26_212313,lars,control,normal_ndom,completed,86,6.314298279000013,right,/home/jakub/Projects/proj/data/lars/normal_ndom_2026-10-08_14-51-26_212313/hand_data.csv,/home/jakub/Projects/proj/data/lars/normal_ndom_2026-10-08_14-51-26_212313/metadata.json,,,False,6.314298279000013,1.2125529556027155,0.7376464360210402,0.94759206748691,2.7997940637120995,14.553329543175494,left,76,0.8837209302325582,0.30000000000000027,True,,2.253037449000203,4.06126082999981,2.253037449000203,,,,,,,,,,,1.0,success,annotated,,lars,True,True,True,8.673606293818109,17.0,
lars/normal_ndom_2026-10-08_14-54-25_229659,lars,control,normal_ndom,completed,90,6.5516057280001405,right,/home/jakub/Projects/proj/data/lars/normal_ndom_2026-10-08_14-54-25_229659/hand_data.csv,/home/jakub/Projects/proj/data/lars/normal_ndom_2026-10-08_14-54-25_229659/metadata.json,,,False,6.5516057280001405,1.1969643682863147,0.7266338148547896,0.8211995957724969,2.601711722208483,16.658760157300918,left,89,0.9888888888888889,0.1479999999999997,True,,2.7161166760001834,3.835489051999957,2.7161166760001834,,,,,,,,,,,1.0,success,annotated,,lars,True,True,True,11.933466567594738,18.0,
marius/blind_dom_2026-10-07_15-57-56_512641,marius,control,blind_dom,completed,154,6.51569903500058,right,/home/jakub/Projects/proj/data/marius/blind_dom_2026-10-07_15-57-56_512641/hand_data.csv,/home/jakub/Projects/proj/data/marius/blind_dom_2026-10-07_15-57-56_512641/metadata.json,,,False,6.51569903500058,1.527665901452169,0.7152326480847231,1.0041751741612985,3.975170971946516,25.89823888223155,right,154,1.0,0.04800000000000004,True,,3.658683107998513,2.8570159270020667,3.658683107998513,,,,,,,,,,,1.0,success,annotated,,marius,True,True,True,23.014207621624916,36.0,
marius/blind_ndom_2026-10-07_15-57-09_446584,marius,control,blind_ndom,completed,339,14.238038554001832,right,/home/jakub/Projects/proj/data/marius/blind_ndom_2026-10-07_15-57-09_446584/hand_data.csv,/home/jakub/Projects/proj/data/marius/blind_ndom_2026-10-07_15-57-09_446584/metadata.json,,,False,14.238038554001832,1.5047454057395202,0.6299822056572701,0.8449961294214429,4.5575195883498765,64.88996389892554,left,339,1.0,0.05400000000000027,True,,3.27593017700201,10.962108376999822,3.27593017700201,,,,,,,,,,,1.0,success,annotated,,marius,True,True,True,38.925294921669945,64.0,
marius/normal_dom_2026-10-07_15-56-39_344082,marius,control,normal_dom,completed,109,4.5479036690012435,right,/home/jakub/Projects/proj/data/marius/normal_dom_2026-10-07_15-56-39_344082/hand_data.csv,/home/jakub/Projects/proj/data/marius/normal_dom_2026-10-07_15-56-39_344082/metadata.json,,,False,4.5479036690012435,1.5113106902536295,0.8084788128063204,0.9156777261572899,5.204199685672401,23.221138997470256,right,108,0.9908256880733946,0.08499999999999999,True,,1.9129270980010915,2.634976571000152,1.9129270980010915,,,,,,,,,,,1.0,success,annotated,,marius,True,True,True,31.31878999742789,28.0,
marius/normal_ndom_2026-10-07_15-57-35_120955,marius,control,normal_ndom,completed,209,8.789728144998662,right,/home/jakub/Projects/proj/data/marius/normal_ndom_2026-10-07_15-57-35_120955/hand_data.csv,/home/jakub/Projects/proj/data/marius/normal_ndom_2026-10-07_15-57-35_120955/metadata.json,,,False,8.789728144998662,1.3999104958855462,0.7098876682012449,0.8863707540352251,3.8100934168797065,33.48691104095573,left,209,1.0,0.049,True,,4.785752944997512,4.00397520000115,4.785752944997512,,,,,,,,,,,1.0,success,annotated,,marius,True,True,True,25.325850790832526,51.0,
ms1/blind_dom_2026-10-08_11-50-29_781694,ms1,disease,blind_dom,completed,253,14.576560007999888,right,/home/jakub/Projects/proj/data/ms1/blind_dom_2026-10-08_11-50-29_781694/hand_data.csv,/home/jakub/Projects/proj/data/ms1/blind_dom_2026-10-08_11-50-29_781694/metadata.json,,,False,14.576560007999888,0.7199202277182429,0.17338020981823407,0.6091538959207226,1.5815978310868197,22.915770974616933,right,252,0.9960474308300395,0.113,True,,3.4266746890000377,11.14988531899985,3.4266746890000377,,,,,,,,,,,1.0,success,annotated,,ms1,True,True,True,24.478176701715093,23.0,
ms1/blind_dom_2026-10-08_11-58-32_115345,ms1,disease,blind_dom,completed,130,9.241821305999792,right,/home/jakub/Projects/proj/data/ms1/blind_dom_2026-10-08_11-58-32_115345/hand_data.csv,/home/jakub/Projects/proj/data/ms1/blind_dom_2026-10-08_11-58-32_115345/metadata.json,,,False,9.241821305999792,1.129786596821666,0.3003022209151334,0.7030569322963929,1.840924755655329,16.873916310336746,right,129,0.9923076923076923,0.10099999999999999,True,,5.115610363999849,4.126210941999943,5.115610363999849,,,,,,,,,,,1.0,success,annotated,,ms1,True,True,True,9.831887752449175,36.0,
ms1/blind_ndom_2026-10-08_11-54-08_879968,ms1,disease,blind_ndom,completed,446,23.125849161999895,right,/home/jakub/Projects/proj/data/ms1/blind_ndom_2026-10-08_11-54-08_879968/hand_data.csv,/home/jakub/Projects/proj/data/ms1/blind_ndom_2026-10-08_11-54-08_879968/metadata.json,,,False,23.125849161999895,1.3240033163231866,0.22294670859124138,0.6163586821427355,2.5467225518066416,58.51859079541301,left,445,0.9977578475336323,0.14700000000000002,True,,11.798791324999911,11.327057836999984,11.798791324999911,,,,,,,,,,,1.0,success,annotated,,ms1,True,True,True,17.58401118609514,122.0,
ms1/blind_ndom_2026-10-08_11-59-19_166217,ms1,disease,blind_ndom,completed,148,10.099071248999962,right,/home/jakub/Projects/proj/data/ms1/blind_ndom_2026-10-08_11-59-19_166217/hand_data.csv,/home/jakub/Projects/proj/data/ms1/blind_ndom_2026-10-08_11-59-19_166217/metadata.json,,,False,10.099071248999962,1.2208476342751553,0.1911633774579281,0.6247864630914558,2.369131143338311,22.873961188931396,left,144,0.972972972972973,0.23299999999999965,True,,5.992394702999945,4.106676546000017,5.992394702999945,,,,,,,,,,,1.0,success,annotated,,ms1,True,True,True,11.608061357248932,35.0,
ms1/normal_dom_2026-10-08_11-55-12_796731,ms1,disease,normal_dom,completed,131,9.089772720999918,right,/home/jakub/Projects/proj/data/ms1/normal_dom_2026-10-08_11-55-12_796731/hand_data.csv,/home/jakub/Projects/proj/data/ms1/normal_dom_2026-10-08_11-55-12_796731/metadata.json,,,False,9.089772720999918,1.0110654533950363,0.24753546215067368,0.6309050779069901,2.0732445506681376,18.677860156969253,right,130,0.9923664122137404,0.10199999999999987,True,,4.39613602999998,4.693636690999938,4.39613602999998,,,,,,,,,,,1.0,success,annotated,,ms1,True,True,True,14.554393898345804,35.0,
ms1/normal_dom_2026-10-08_11-56-14_885554,ms1,disease,normal_dom,completed,106,7.786825350000072,right,/home/jakub/Projects/proj/data/ms1/normal_dom_2026-10-08_11-56-14_885554/hand_data.csv,/home/jakub/Projects/proj/data/ms1/normal_dom_2026-10-08_11-56-14_885554/metadata.json,,,False,7.786825350000072,1.313295228640535,0.32933835587134186,0.7567707084702953,1.7336178265319353,13.241372959050922,right,105,0.9905660377358491,0.14800000000000013,True,,3.5391868940000677,4.247638456000004,3.5391868940000677,,,,,,,,,,,1.0,success,annotated,,ms1,True,True,True,7.246989921741013,26.0,
ms1/normal_ndom_2026-10-08_11-55-51_467077,ms1,disease,normal_ndom,completed,127,9.164711505000014,right,/home/jakub/Projects/proj/data/ms1/normal_ndom_2026-10-08_11-55-51_467077/hand_data.csv,/home/jakub/Projects/proj/data/ms1/normal_ndom_2026-10-08_11-55-51_467077/metadata.json,,,False,9.164711505000014,1.2204273435244704,0.2521639733340002,0.687109145899662,2.7520825486445655,23.57984327678664,left,122,0.9606299212598425,0.22299999999999986,True,,4.304187473000184,4.86052403199983,4.304187473000184,,,,,,,,,,,1.0,success,annotated,,ms1,True,True,True,24.52262070611256,20.0,
ms1/normal_ndom_2026-10-08_11-58-55_502085,ms1,disease,normal_ndom,completed,121,8.65770286399993,right,/home/jakub/Projects/proj/data/ms1/normal_ndom_2026-10-08_11-58-55_502085/hand_data.csv,/home/jakub/Projects/proj/data/ms1/normal_ndom_2026-10-08_11-58-55_502085/metadata.json,,,False,8.65770286399993,0.9381383551061174,0.2960806197731513,0.5742075166400485,2.076653633228631,17.977590502860256,left,121,1.0,0.08,True,,4.703641872999924,3.9540609910000057,4.703641872999924,,,,,,,,,,,1.0,success,annotated,,ms1,True,True,True,10.761025718111084,29.0,
ms2/blind_dom_2026-10-08_12-04-22_038649,ms2,disease,blind_dom,completed,125,8.27097563999996,right,/home/jakub/Projects/proj/data/ms2/blind_dom_2026-10-08_12-04-22_038649/hand_data.csv,/home/jakub/Projects/proj/data/ms2/blind_dom_2026-10-08_12-04-22_038649/metadata.json,,,False,8.27097563999996,1.4610739561227355,0.7265456004892481,0.9933032481013214,2.4956703366986943,19.91295361651888,right,122,0.976,0.11800000000000033,True,,6.8520750540001245,1.418900585999836,6.8520750540001245,,,,,,,,,,,1.0,success,annotated,,ms2,True,True,True,18.11261672061889,25.0,
ms2/blind_dom_2026-10-08_12-06-19_612485,ms2,disease,blind_dom,completed,82,5.828091557999869,right,/home/jakub/Projects/proj/data/ms2/blind_dom_2026-10-08_12-06-19_612485/hand_data.csv,/home/jakub/Projects/proj/data/ms2/blind_dom_2026-10-08_12-06-19_612485/metadata.json,,,False,5.828091557999869,1.2087092835645166,0.38561886284584956,0.8726513667294243,2.6449652703290716,15.41485759547783,right,82,1.0,0.0990000000000002,True,,2.6594864710000365,3.1686050869998326,2.6594864710000365,,,,,,,,,,,1.0,success,annotated,,ms2,True,True,True,14.083712575077252,18.0,
ms2/blind_ndom_2026-10-08_12-04-53_339163,ms2,disease,blind_ndom,completed,97,6.833086816000105,right,/home/jakub/Projects/proj/data/ms2/blind_ndom_2026-10-08_12-04-53_339163/hand_data.csv,/home/jakub/Projects/proj/data/ms2/blind_ndom_2026-10-08_12-04-53_339163/metadata.json,,,False,6.833086816000105,1.2371910533402193,0.36284614011203814,0.7859229674030358,2.1065319290924687,14.0969116694868,left,96,0.9896907216494846,0.14100000000000001,True,,2.992884291000337,3.8402025249997678,2.992884291000337,,,,,,,,,,,1.0,success,annotated,,ms2,True,True,True,22.597619707180797,15.0,
ms2/blind_ndom_2026-10-08_12-07-00_669058,ms2,disease,blind_ndom,completed,160,9.742696695999712,right,/home/jakub/Projects/proj/data/ms2/blind_ndom_2026-10-08_12-07-00_669058/hand_data.csv,/home/jakub/Projects/proj/data/ms2/blind_ndom_2026-10-08_12-07-00_669058/metadata.json,,,False,9.742696695999712,1.2292995359222554,0.46517360956668996,0.8369166477909205,2.940250550070138,27.791248199262952,left,154,0.9625,0.28999999999999915,True,,3.0255614879997665,6.717135207999945,3.0255614879997665,,,,,,,,,,,1.0,success,annotated,,ms2,True,True,True,26.529483433103785,24.0,
ms2/normal_dom_2026-10-08_12-02-42_970166,ms2,disease,normal_dom,completed,201,11.465022507999947,right,/home/jakub/Projects/proj/data/ms2/normal_dom_2026-10-08_12-02-42_970166/hand_data.csv,/home/jakub/Projects/proj/data/ms2/normal_dom_2026-10-08_12-02-42_970166/metadata.json,,,False,11.465022507999947,1.2002488560894555,0.5275045787448663,0.6383372666904075,1.921591200668121,21.765863529967806,right,200,0.9950248756218906,0.1379999999999999,True,,5.383528212999863,6.081494295000084,5.383528212999863,,,,,,,,,,,1.0,success,annotated,,ms2,True,True,True,21.490488525898655,27.0,
ms2/normal_dom_2026-10-08_12-05-54_487484,ms2,disease,normal_dom,completed,72,5.057655371999772,right,/home/jakub/Projects/proj/data/ms2/normal_dom_2026-10-08_12-05-54_487484/hand_data.csv,/home/jakub/Projects/proj/data/ms2/normal_dom_2026-10-08_12-05-54_487484/metadata.json,,,False,5.057655371999772,1.2676187492823834,0.5061047435356376,0.8155513797595861,2.3953466386570104,12.113267951688503,right,72,1.0,0.08,True,,2.358483270999841,2.699172100999931,2.358483270999841,,,,,,,,,,,1.0,success,annotated,,ms2,True,True,True,19.17412057308324,16.0,
ms2/normal_ndom_2026-10-08_12-05-38_662300,ms2,disease,normal_ndom,completed,100,7.1144756520002375,right,/home/jakub/Projects/proj/data/ms2/normal_ndom_2026-10-08_12-05-38_662300/hand_data.csv,/home/jakub/Projects/proj/data/ms2/normal_ndom_2026-10-08_12-05-38_662300/metadata.json,,,False,7.1144756520002375,1.7586774751195084,0.7046002197823333,1.0105548957152013,3.572471871746014,24.042735696850674,left,97,0.97,0.24300000000000033,True,,2.2954476760000944,4.819027976000143,2.2954476760000944,,,,,,,,,,,1.0,success,annotated,,ms2,True,True,True,22.32805167958353,20.0,
ms2/normal_ndom_2026-10-08_12-06-41_832660,ms2,disease,normal_ndom,completed,113,7.797066456000266,right,/home/jakub/Projects/proj/data/ms2/normal_ndom_2026-10-08_12-06-41_832660/hand_data.csv,/home/jakub/Projects/proj/data/ms2/normal_ndom_2026-10-08_12-06-41_832660/metadata.json,,,False,7.797066456000266,1.4379223780014212,0.3844865122114621,0.8850052092532495,2.627833887667335,19.501155280379294,left,109,0.9646017699115044,0.37599999999999945,True,,2.0832782520001274,5.713788204000139,2.0832782520001274,,,,,,,,,,,1.0,success,annotated,,ms2,True,True,True,18.41261333000405,22.0,
ms3/blind_dom_2026-10-08_12-16-19_176301,ms3,disease,blind_dom,completed,1281,58.61423134200004,right,/home/jakub/Projects/proj/data/ms3/blind_dom_2026-10-08_12-16-19_176301/hand_data.csv,/home/jakub/Projects/proj/data/ms3/blind_dom_2026-10-08_12-16-19_176301/metadata.json,,,False,58.61423134200004,1.2730269374444783,0.47229507529417053,0.6616383007059714,3.4977818342582454,197.99194072818796,right,1256,0.9804839968774395,0.29100000000000037,True,,33.98379409600011,24.63043724599993,33.98379409600011,,,,,,,,,,,1.0,success,annotated,,ms3,True,True,True,88.48091175910992,54.0,
ms3/blind_dom_2026-10-08_12-23-32_556642,ms3,disease,blind_dom,completed,8022,348.5055924999997,right,/home/jakub/Projects/proj/data/ms3/blind_dom_2026-10-08_12-23-32_556642/hand_data.csv,/home/jakub/Projects/proj/data/ms3/blind_dom_2026-10-08_12-23-32_556642/metadata.json,,Trial not finished,True,348.5055924999997,,,,,,,0,,,False,Manual exclusion: Trial not finished,,,,,,,,,,,,,,,unknown,manually excluded,,ms3,False,False,False,,,
ms3/blind_ndom_2026-10-08_12-21-41_994290,ms3,disease,blind_ndom,completed,278,15.770036065000113,right,/home/jakub/Projects/proj/data/ms3/blind_ndom_2026-10-08_12-21-41_994290/hand_data.csv,/home/jakub/Projects/proj/data/ms3/blind_ndom_2026-10-08_12-21-41_994290/metadata.json,,,False,15.770036065000113,1.502800810353157,0.33553123684084696,0.6643099663383655,6.443981346638614,93.14775036566115,left,262,0.9424460431654677,0.28800000000000026,True,,7.705270082999959,8.064765982000154,7.705270082999959,,,,,,,,,,,1.0,success,annotated,,ms3,True,True,True,66.81540136035616,40.0,
ms3/blind_ndom_2026-10-08_12-29-42_969864,ms3,disease,blind_ndom,cancelled,0,0.0,right,/home/jakub/Projects/proj/data/ms3/blind_ndom_2026-10-08_12-29-42_969864/hand_data.csv,/home/jakub/Projects/proj/data/ms3/blind_ndom_2026-10-08_12-29-42_969864/metadata.json,,,False,0.0,,,,,,,0,,,False,Trial status: cancelled; No unambiguous detections of the selected hand,,,,,,,,,,,,,,,unknown,not annotated,,ms3,False,False,False,,,
ms3/normal_dom_2026-10-08_12-19-40_461100,ms3,disease,normal_dom,completed,1534,69.72175897299985,right,/home/jakub/Projects/proj/data/ms3/normal_dom_2026-10-08_12-19-40_461100/hand_data.csv,/home/jakub/Projects/proj/data/ms3/normal_dom_2026-10-08_12-19-40_461100/metadata.json,,,False,69.72175897299985,1.2319983330613646,0.2092737723222745,0.3521706818767981,2.3418424091573393,141.1732859512319,right,1360,0.8865710560625815,2.879999999999999,True,,63.14000228399982,6.581756689000031,63.14000228399982,,,,,,,,,,,1.0,success,annotated,,ms3,True,True,True,22.699276580891528,235.0,
ms3/normal_ndom_2026-10-08_12-21-05_717453,ms3,disease,normal_ndom,completed,336,17.817851429000257,right,/home/jakub/Projects/proj/data/ms3/normal_ndom_2026-10-08_12-21-05_717453/hand_data.csv,/home/jakub/Projects/proj/data/ms3/normal_ndom_2026-10-08_12-21-05_717453/metadata.json,,,False,17.817851429000257,1.6374452824557744,0.22925685718427222,0.4854783891389759,3.1551728180400156,50.39757542255317,left,310,0.9226190476190477,0.7000000000000002,True,,9.694362061999982,8.123489367000275,9.694362061999982,,,,,,,,,,,1.0,success,annotated,,ms3,True,True,True,21.62879832614251,78.0,
ms3/normal_ndom_2026-10-08_12-22-14_847150,ms3,disease,normal_ndom,completed,637,30.454919546000383,right,/home/jakub/Projects/proj/data/ms3/normal_ndom_2026-10-08_12-22-14_847150/hand_data.csv,/home/jakub/Projects/proj/data/ms3/normal_ndom_2026-10-08_12-22-14_847150/metadata.json,,,False,30.454919546000383,2.1741765056796547,0.5265139592974898,0.9076315712795643,8.192272207336313,232.3574166166799,left,606,0.9513343799058085,0.2519999999999989,True,,17.376062528000148,13.078857018000235,17.376062528000148,,,,,,,,,,,1.0,success,annotated,,ms3,True,True,True,79.75093571328289,108.0,
ms4/blind_dom_2026-10-08_15-17-29_496990,ms4,disease,blind_dom,completed,267,15.389781844000026,right,/home/jakub/Projects/proj/data/ms4/blind_dom_2026-10-08_15-17-29_496990/hand_data.csv,/home/jakub/Projects/proj/data/ms4/blind_dom_2026-10-08_15-17-29_496990/metadata.json,,,False,15.389781844000026,1.288038875318933,0.329797794161426,1.034520917278492,1.6969529754165338,26.114409338685036,right,267,1.0,0.08,True,,5.418947539000328,9.970834304999698,5.418947539000328,,,,,,,,,,,1.0,success,annotated,,ms4,True,True,True,17.52838586949228,34.0,
ms4/blind_dom_2026-10-08_15-20-20_133966,ms4,disease,blind_dom,completed,134,9.35370624999996,right,/home/jakub/Projects/proj/data/ms4/blind_dom_2026-10-08_15-20-20_133966/hand_data.csv,/home/jakub/Projects/proj/data/ms4/blind_dom_2026-10-08_15-20-20_133966/metadata.json,,,False,9.35370624999996,1.3837100170973338,0.651796641256803,1.0068633033011203,2.1914867545483747,20.321656674927077,right,133,0.9925373134328358,0.102,True,,4.417832117999751,4.935874132000208,4.417832117999751,,,,,,,,,,,1.0,success,annotated,,ms4,True,True,True,19.585432872467422,24.0,
ms4/blind_ndom_2026-10-08_15-18-12_623903,ms4,disease,blind_ndom,completed,183,11.324294611999903,right,/home/jakub/Projects/proj/data/ms4/blind_ndom_2026-10-08_15-18-12_623903/hand_data.csv,/home/jakub/Projects/proj/data/ms4/blind_ndom_2026-10-08_15-18-12_623903/metadata.json,,,False,11.324294611999903,1.2536171362100348,0.4840172170356711,0.9890693384674332,1.8618650332172484,21.08375963615212,left,183,1.0,0.079,True,,3.808535467999718,7.515759144000185,3.808535467999718,,,,,,,,,,,1.0,success,annotated,,ms4,True,True,True,36.435549607062136,17.0,
ms4/blind_ndom_2026-10-08_15-19-38_501099,ms4,disease,blind_ndom,completed,489,25.94953114100008,right,/home/jakub/Projects/proj/data/ms4/blind_ndom_2026-10-08_15-19-38_501099/hand_data.csv,/home/jakub/Projects/proj/data/ms4/blind_ndom_2026-10-08_15-19-38_501099/metadata.json,,,False,25.94953114100008,1.4414770439200213,0.4620453923993052,0.8494147499595094,2.2441195772479414,57.357452274880146,left,483,0.9877300613496932,0.39000000000000057,True,,10.86048712200045,15.08904401899963,10.86048712200045,,,,,,,,,,,1.0,success,annotated,,ms4,True,True,True,28.233693033056475,69.0,
ms4/normal_dom_2026-10-08_15-14-12_904351,ms4,disease,normal_dom,completed,185,10.958849427000132,right,/home/jakub/Projects/proj/data/ms4/normal_dom_2026-10-08_15-14-12_904351/hand_data.csv,/home/jakub/Projects/proj/data/ms4/normal_dom_2026-10-08_15-14-12_904351/metadata.json,,,False,10.958849427000132,1.1704565377158835,0.5049945878850963,0.8729289931119045,1.7632914214348574,19.322147396083167,right,185,1.0,0.108,True,,5.303166542999861,5.655682884000271,5.303166542999861,,,,,,,,,,,1.0,success,annotated,,ms4,True,True,True,13.1824687350734,35.0,
ms4/normal_dom_2026-10-08_15-18-36_818127,ms4,disease,normal_dom,completed,102,7.446483790000002,right,/home/jakub/Projects/proj/data/ms4/normal_dom_2026-10-08_15-18-36_818127/hand_data.csv,/home/jakub/Projects/proj/data/ms4/normal_dom_2026-10-08_15-18-36_818127/metadata.json,,,False,7.446483790000002,1.8498455878837723,0.8989939948114078,1.1593516373468655,3.3881797610984763,24.72015953697448,right,101,0.9901960784313726,0.15000000000000036,True,,2.773867763999988,4.672616026000014,2.773867763999988,,,,,,,,,,,1.0,success,annotated,,ms4,True,True,True,22.05704820400562,17.0,
ms4/normal_ndom_2026-10-08_15-16-57_418611,ms4,disease,normal_ndom,completed,211,12.621059427000091,right,/home/jakub/Projects/proj/data/ms4/normal_ndom_2026-10-08_15-16-57_418611/hand_data.csv,/home/jakub/Projects/proj/data/ms4/normal_ndom_2026-10-08_15-16-57_418611/metadata.json,,,False,12.621059427000091,1.4023086512335046,0.45940966338317846,0.9679227155930308,2.0318420020076005,25.643877907337924,left,211,1.0,0.081,True,,5.328339258000142,7.292720168999949,5.328339258000142,,,,,,,,,,,1.0,success,annotated,,ms4,True,True,True,8.67021764663736,66.0,
ms4/normal_ndom_2026-10-08_15-19-16_861956,ms4,disease,normal_ndom,completed,166,11.066499409999778,right,/home/jakub/Projects/proj/data/ms4/normal_ndom_2026-10-08_15-19-16_861956/hand_data.csv,/home/jakub/Projects/proj/data/ms4/normal_ndom_2026-10-08_15-19-16_861956/metadata.json,,,False,11.066499409999778,1.2992213702669693,0.596355145206214,0.8812098207510455,2.2706324424427584,25.126818608071567,left,166,1.0,0.08,True,,2.5574035219997313,8.509095888000047,2.5574035219997313,,,,,,,,,,,1.0,success,annotated,,ms4,True,True,True,21.592688952810693,22.0,
ms5/blind_dom_2026-10-08_15-45-23_853876,ms5,disease,blind_dom,completed,219,12.480046655000478,right,/home/jakub/Projects/proj/data/ms5/blind_dom_2026-10-08_15-45-23_853876/hand_data.csv,/home/jakub/Projects/proj/data/ms5/blind_dom_2026-10-08_15-45-23_853876/metadata.json,,,False,12.480046655000478,1.4623217576754588,0.4326827752557283,0.7739070217663971,4.044652513915068,50.47726337366005,right,219,1.0,0.07599999999999996,True,,4.566873920000035,7.913172735000444,4.566873920000035,,,,,,,,,,,1.0,success,annotated,,ms5,True,True,True,34.23024488992574,42.0,
ms5/blind_dom_2026-10-08_15-47-31_800421,ms5,disease,blind_dom,completed,189,11.246842941000068,right,/home/jakub/Projects/proj/data/ms5/blind_dom_2026-10-08_15-47-31_800421/hand_data.csv,/home/jakub/Projects/proj/data/ms5/blind_dom_2026-10-08_15-47-31_800421/metadata.json,,,False,11.246842941000068,1.563007581569395,0.3516482474899746,0.8672382605546428,2.966289743136833,33.35889445131683,right,189,1.0,0.079,True,,5.55161151700031,5.695231423999758,5.55161151700031,,,,,,,,,,,1.0,success,annotated,,ms5,True,True,True,32.561912099536094,32.0,
ms5/blind_ndom_2026-10-08_15-44-52_016129,ms5,disease,blind_ndom,completed,225,12.654297525999937,right,/home/jakub/Projects/proj/data/ms5/blind_ndom_2026-10-08_15-44-52_016129/hand_data.csv,/home/jakub/Projects/proj/data/ms5/blind_ndom_2026-10-08_15-44-52_016129/metadata.json,,,False,12.654297525999937,1.5510917803000885,0.41613042577028203,1.0724479027545992,2.5777244624971676,32.61852534843916,left,225,1.0,0.10000000000000009,True,,6.2580477900000915,6.396249735999845,6.2580477900000915,,,,,,,,,,,1.0,success,annotated,,ms5,True,True,True,13.391007665624697,53.0,
ms5/blind_ndom_2026-10-08_15-46-15_096941,ms5,disease,blind_ndom,completed,224,12.695408140999461,right,/home/jakub/Projects/proj/data/ms5/blind_ndom_2026-10-08_15-46-15_096941/hand_data.csv,/home/jakub/Projects/proj/data/ms5/blind_ndom_2026-10-08_15-46-15_096941/metadata.json,,,False,12.695408140999461,1.5186216437524285,0.3510864195142692,0.9929363124148592,2.591688905348491,32.901490653399094,left,224,1.0,0.09799999999999986,True,,5.290836589999344,7.404571551000117,5.290836589999344,,,,,,,,,,,1.0,success,annotated,,ms5,True,True,True,20.27693645039477,35.0,
ms5/normal_dom_2026-10-08_15-43-22_057294,ms5,disease,normal_dom,completed,257,14.36437296099939,right,/home/jakub/Projects/proj/data/ms5/normal_dom_2026-10-08_15-43-22_057294/hand_data.csv,/home/jakub/Projects/proj/data/ms5/normal_dom_2026-10-08_15-43-22_057294/metadata.json,,,False,14.36437296099939,1.5531005819170753,0.9380471723006326,1.145039005823301,3.680619999077875,52.868425666754604,right,257,1.0,0.11,True,,3.9894072440001764,10.374965716999213,3.9894072440001764,,,,,,,,,,,1.0,success,annotated,,ms5,True,True,True,27.76628274212544,51.0,
ms5/normal_dom_2026-10-08_15-46-44_993312,ms5,disease,normal_dom,completed,144,9.301100520000546,right,/home/jakub/Projects/proj/data/ms5/normal_dom_2026-10-08_15-46-44_993312/hand_data.csv,/home/jakub/Projects/proj/data/ms5/normal_dom_2026-10-08_15-46-44_993312/metadata.json,,,False,9.301100520000546,1.7678071342815334,0.5565272531065352,0.9345225824940232,3.4193279113081845,31.803168903077424,right,144,1.0,0.07699999999999996,True,,4.345943835000071,4.955156685000475,4.345943835000071,,,,,,,,,,,1.0,success,annotated,,ms5,True,True,True,16.71673341781423,36.0,
ms5/normal_ndom_2026-10-08_15-45-56_323987,ms5,disease,normal_ndom,completed,97,6.888227035000455,right,/home/jakub/Projects/proj/data/ms5/normal_ndom_2026-10-08_15-45-56_323987/hand_data.csv,/home/jakub/Projects/proj/data/ms5/normal_ndom_2026-10-08_15-45-56_323987/metadata.json,,,False,6.888227035000455,1.7143227238021113,0.3566858502488568,0.8325738723812575,3.577387198649063,24.64104302429475,left,97,1.0,0.081,True,,2.828832588000296,4.059394447000159,2.828832588000296,,,,,,,,,,,1.0,success,annotated,,ms5,True,True,True,16.1798714848259,23.0,
ms5/normal_ndom_2026-10-08_15-47-05_501607,ms5,disease,normal_ndom,completed,202,11.759530979999909,right,/home/jakub/Projects/proj/data/ms5/normal_ndom_2026-10-08_15-47-05_501607/hand_data.csv,/home/jakub/Projects/proj/data/ms5/normal_ndom_2026-10-08_15-47-05_501607/metadata.json,,,False,11.759530979999909,1.540079466336667,0.3704655017790431,0.9233316518177839,3.3806972445508974,39.753618898674006,left,202,1.0,0.0990000000000002,True,,3.2885594680001304,8.470971511999778,3.2885594680001304,,,,,,,,,,,1.0,success,annotated,,ms5,True,True,True,15.601950414808679,51.0,
