metric,contrast,group,n_pairs,n_nonzero,median_change,statistic,p,rank_biserial,change_ci_low,change_ci_high,method,note,p_holm
movement_units,delta_hand,control,10,10,2.625,10.0,0.083984375,0.6363636363636364,-0.5,11.037499999999795,"sign permutations, seed 42",,1.0
movement_units,delta_hand,disease,5,5,0.25,7.0,1.0,0.06666666666666667,-78.0,21.5,"sign permutations, seed 42",,1.0
movement_units,delta_hand,pooled,15,15,2.25,32.0,0.1184,0.4666666666666667,-1.25,16.0,"sign permutations, seed 42",,1.0
movement_units,delta_hand_closed,control,10,10,6.75,12.5,0.142578125,0.5454545454545454,-4.0,18.268749999999898,"sign permutations, seed 42",,1.0
movement_units,delta_hand_closed,disease,5,5,7.0,4.5,0.5,0.4,-14.0,49.0,"sign permutations, seed 42",,1.0
movement_units,delta_hand_closed,pooled,15,15,7.0,29.5,0.0836,0.5083333333333333,-2.0,14.0,"sign permutations, seed 42",,1.0
movement_units,delta_hand_open,control,10,10,2.5,18.5,0.384765625,0.32727272727272727,-4.0,8.5,"sign permutations, seed 42",,1.0
movement_units,delta_hand_open,disease,5,5,-6.0,4.0,0.4375,-0.4666666666666667,-142.0,18.0,"sign permutations, seed 42",,1.0
movement_units,delta_hand_open,pooled,15,15,-0.5,59.0,0.9658,0.016666666666666666,-4.5,6.0,"sign permutations, seed 42",,1.0
movement_units,delta_vision,control,10,10,6.5,1.0,0.00390625,0.9636363636363636,3.375,10.5,"sign permutations, seed 42",,0.33984375
movement_units,delta_vision,disease,5,5,0.25,7.0,1.0,0.06666666666666667,-117.0,26.5,"sign permutations, seed 42",,1.0
movement_units,delta_vision,pooled,15,15,4.75,20.5,0.023,0.6583333333333333,1.0,7.75,"sign permutations, seed 42",,1.0
movement_units,delta_vision_dom,control,10,10,5.5,11.0,0.103515625,0.6,1.0,9.5,"sign permutations, seed 42",,1.0
movement_units,delta_vision_dom,disease,5,4,-1.0,2.0,0.375,-0.6,-181.0,3.0,"sign permutations, seed 42",,1.0
movement_units,delta_vision_dom,pooled,15,14,3.0,38.0,0.384,0.2761904761904762,-1.0,8.0,"sign permutations, seed 42",,1.0
movement_units,delta_vision_ndom,control,10,9,10.5,3.0,0.01953125,0.8666666666666667,0.0,16.25,"sign permutations, seed 42",,1.0
movement_units,delta_vision_ndom,disease,5,5,-1.0,7.0,1.0,0.06666666666666667,-53.0,54.0,"sign permutations, seed 42",,1.0
movement_units,delta_vision_ndom,pooled,15,14,9.0,23.0,0.0648,0.5619047619047619,-1.5,14.0,"sign permutations, seed 42",,1.0
peak_velocity,delta_hand,control,10,10,-4.388926015789594,18.0,0.375,-0.34545454545454546,-6.370060269947341,4.959074046724838,"sign permutations, seed 42",,1.0
peak_velocity,delta_hand,disease,5,5,3.1625400200337026,5.0,0.625,0.3333333333333333,-11.456351783436862,5.644703389631982,"sign permutations, seed 42",,1.0
peak_velocity,delta_hand,pooled,15,15,-3.3028305123015986,46.0,0.4588,-0.23333333333333334,-6.370060269947341,4.959074046724838,"sign permutations, seed 42",,1.0
peak_velocity,delta_hand_closed,control,10,10,-3.5398486960073905,22.0,0.625,-0.2,-10.387170397803722,7.686371028428987,"sign permutations, seed 42",,1.0
peak_velocity,delta_hand_closed,disease,5,5,-2.558995955410099,5.0,0.625,-0.3333333333333333,-21.665510398753753,13.777711949079453,"sign permutations, seed 42",,1.0
peak_velocity,delta_hand_closed,pooled,15,15,-2.558995955410099,46.0,0.4572,-0.23333333333333334,-10.387170397803722,8.465386922294218,"sign permutations, seed 42",,1.0
peak_velocity,delta_hand_open,control,10,10,-4.172944674343162,17.0,0.322265625,-0.38181818181818183,-7.618264804543306,2.678369991235474,"sign permutations, seed 42",,1.0
peak_velocity,delta_hand_open,disease,5,5,0.038027955302840866,5.0,0.625,0.3333333333333333,-6.3505971301525435,27.990590438821165,"sign permutations, seed 42",,1.0
peak_velocity,delta_hand_open,pooled,15,15,-2.352950142090961,50.0,0.5922,-0.16666666666666666,-6.147453704099687,6.7411313020684105,"sign permutations, seed 42",,1.0
peak_velocity,delta_vision,control,10,10,3.927237368180532,8.0,0.048828125,0.7090909090909091,-0.10219817936101983,14.89246661723966,"sign permutations, seed 42",,1.0
peak_velocity,delta_vision,disease,5,5,6.048815761476764,1.0,0.125,0.8666666666666667,-0.020460418147189685,40.953584759430925,"sign permutations, seed 42",,1.0
peak_velocity,delta_vision,pooled,15,15,5.207043858843839,13.0,0.005,0.7833333333333333,-0.020460418147189685,11.78310655781513,"sign permutations, seed 42",,0.43
peak_velocity,delta_vision_dom,control,10,10,8.720138071347343,9.0,0.064453125,0.6727272727272727,-3.9076044862110138,17.830707949992032,"sign permutations, seed 42",,1.0
peak_velocity,delta_vision_dom,disease,5,5,6.254340317038725,2.0,0.1875,0.7333333333333333,-4.234139901642877,65.78163517821838,"sign permutations, seed 42",,1.0
peak_velocity,delta_vision_dom,pooled,15,15,8.31274024126571,20.0,0.0186,0.6666666666666666,-3.9076044862110138,11.154570414761082,"sign permutations, seed 42",,1.0
peak_velocity,delta_vision_ndom,control,10,10,5.6252478968105315,10.0,0.083984375,0.6363636363636364,2.661850050477698,14.002530495370694,"sign permutations, seed 42",,1.0
peak_velocity,delta_vision_ndom,disease,5,5,4.193219065348501,2.0,0.1875,0.7333333333333333,-3.0457869404397844,17.20316802033528,"sign permutations, seed 42",,1.0
peak_velocity,delta_vision_ndom,pooled,15,15,4.193219065348501,18.0,0.0152,0.7,2.1013474764219673,14.806364673432693,"sign permutations, seed 42",,1.0
post_key_duration_seconds,delta_hand,control,10,10,0.07904975312493434,20.0,0.4921875,0.2727272727272727,-0.16683197149905027,0.5525182687497363,"sign permutations, seed 42",,1.0
post_key_duration_seconds,delta_hand,disease,5,5,0.007736999500025377,7.0,1.0,0.06666666666666667,-6.273127380249775,3.292902968249905,"sign permutations, seed 42",,1.0
post_key_duration_seconds,delta_hand,pooled,15,15,0.02775488699990092,49.0,0.5644,0.18333333333333332,-0.16829990791782298,0.6896348609989218,"sign permutations, seed 42",,1.0
post_key_duration_seconds,delta_hand_closed,control,10,10,0.3699721595004348,23.0,0.6953125,0.16363636363636364,-0.9033996025001443,1.4845634044996814,"sign permutations, seed 42",,1.0
post_key_duration_seconds,delta_hand_closed,disease,5,5,0.09620856399988043,5.0,0.625,0.3333333333333333,-16.565671263999775,3.849047362999954,"sign permutations, seed 42",,1.0
post_key_duration_seconds,delta_hand_closed,pooled,15,15,0.36343962300088606,46.0,0.4678,0.23333333333333334,-0.8739052210000864,2.592622112999379,"sign permutations, seed 42",,1.0
post_key_duration_seconds,delta_hand_open,control,10,10,0.2104956500006665,23.0,0.6953125,0.16363636363636364,-0.5477925002503525,0.7374698855001043,"sign permutations, seed 42",,1.0
post_key_duration_seconds,delta_hand_open,disease,5,5,0.8760748920001333,4.0,0.4375,0.4666666666666667,-1.3998782214998755,4.019416503500224,"sign permutations, seed 42",,1.0
post_key_duration_seconds,delta_hand_open,pooled,15,15,0.34979544399902807,43.0,0.3604,0.2833333333333333,-0.11581545750004807,0.9508405494999579,"sign permutations, seed 42",,1.0
post_key_duration_seconds,delta_vision,control,10,10,0.251467943249736,7.0,0.037109375,0.7454545454545455,0.03682587100047385,2.180645422893794,"sign permutations, seed 42",,1.0
post_key_duration_seconds,delta_vision,disease,5,5,2.84534915824986,3.0,0.3125,0.6,-1.0421597925002288,7.756136673249898,"sign permutations, seed 42",,1.0
post_key_duration_seconds,delta_vision,pooled,15,15,0.37060181249762536,21.0,0.029,0.65,-0.05456269349815557,2.84534915824986,"sign permutations, seed 42",,1.0
post_key_duration_seconds,delta_vision_dom,control,10,10,0.06914054050139384,17.0,0.322265625,0.38181818181818183,-0.20750534299804713,1.2697496029998092,"sign permutations, seed 42",,1.0
post_key_duration_seconds,delta_vision_dom,disease,5,5,2.2892047634998107,3.0,0.3125,0.6,-2.0965803615001732,18.048680556999898,"sign permutations, seed 42",,1.0
post_key_duration_seconds,delta_vision_dom,pooled,15,15,0.2220393560019147,36.0,0.187,0.4,-0.2988588650005113,1.5758857844998602,"sign permutations, seed 42",,1.0
post_key_duration_seconds,delta_vision_ndom,control,10,10,0.2525422959988646,12.0,0.130859375,0.5636363636363636,-0.02536711199718411,2.3701948859998083,"sign permutations, seed 42",,1.0
post_key_duration_seconds,delta_vision_ndom,disease,5,5,0.6352276640000127,3.0,0.3125,0.6,-2.5364072105001014,3.4014935529999093,"sign permutations, seed 42",,1.0
post_key_duration_seconds,delta_vision_ndom,pooled,15,15,0.372510607001459,27.0,0.0626,0.55,-0.02536711199718411,3.3095746800000825,"sign permutations, seed 42",,1.0
recording_duration_seconds,delta_hand,control,10,10,0.9737296568750935,13.0,0.16015625,0.5272727272727272,-0.5202012588845716,2.2235909027499474,"sign permutations, seed 42",,1.0
recording_duration_seconds,delta_hand,disease,5,5,0.21639513550019274,7.0,1.0,0.06666666666666667,-44.21478438124973,4.453140819749933,"sign permutations, seed 42",,1.0
recording_duration_seconds,delta_hand,pooled,15,15,0.22610752125001454,38.0,0.2272,0.36666666666666664,-0.454329729000051,2.062346004500796,"sign permutations, seed 42",,1.0
recording_duration_seconds,delta_hand_closed,control,10,10,0.9907930435016397,14.0,0.193359375,0.4909090909090909,-0.8710345100002996,3.89851606800039,"sign permutations, seed 42",,1.0
recording_duration_seconds,delta_hand_closed,disease,5,5,1.2383581569999933,5.0,0.625,0.3333333333333333,-42.844195276999926,6.2651688294999985,"sign permutations, seed 42",,1.0
recording_duration_seconds,delta_hand_closed,pooled,15,15,1.2383581569999933,33.0,0.1394,0.45,-0.8710345100002996,4.703269548500089,"sign permutations, seed 42",,1.0
recording_duration_seconds,delta_hand_open,control,10,10,0.2946112000008725,19.0,0.431640625,0.3090909090909091,-0.4862234759966668,1.708364875000143,"sign permutations, seed 42",,1.0
recording_duration_seconds,delta_hand_open,disease,5,5,-0.8055678859996078,5.0,0.625,-0.3333333333333333,-45.58537348549953,2.6411128099998677,"sign permutations, seed 42",,1.0
recording_duration_seconds,delta_hand_open,pooled,15,15,0.24970247800229117,58.0,0.924,0.03333333333333333,-0.8055678859996078,1.708364875000143,"sign permutations, seed 42",,1.0
recording_duration_seconds,delta_vision,control,10,10,2.116626892748684,0.0,0.001953125,1.0,1.0505203137499848,3.273611442125457,"sign permutations, seed 42",,0.17578125
recording_duration_seconds,delta_vision,disease,5,5,1.6908409417499115,6.0,0.8125,0.2,-9.73693852675001,5.586072321249901,"sign permutations, seed 42",,1.0
recording_duration_seconds,delta_vision,pooled,15,15,1.925055726999858,16.0,0.0092,0.7333333333333333,0.8527930809996178,2.9406404415003635,"sign permutations, seed 42",,0.7544
recording_duration_seconds,delta_vision_dom,control,10,10,1.064741451749569,2.0,0.005859375,0.9272727272727272,0.571939224092445,2.3883914969999296,"sign permutations, seed 42",,0.498046875
recording_duration_seconds,delta_vision_dom,disease,5,5,0.030708057500305586,7.0,1.0,0.06666666666666667,-11.107527630999812,3.4708916214998453,"sign permutations, seed 42",,1.0
recording_duration_seconds,delta_vision_dom,pooled,15,15,0.8972926659989753,25.0,0.0482,0.5833333333333334,0.43009874367496426,2.3417605080001067,"sign permutations, seed 42",,1.0
recording_duration_seconds,delta_vision_ndom,control,10,10,1.5695572324991645,0.0,0.001953125,1.0,0.9940828100006911,4.433705325998744,"sign permutations, seed 42",,0.17578125
recording_duration_seconds,delta_vision_ndom,disease,5,5,3.3509738259995174,5.0,0.625,0.3333333333333333,-8.366349422500207,7.701253020999957,"sign permutations, seed 42",,1.0
recording_duration_seconds,delta_vision_ndom,pooled,15,15,1.6307635189987195,15.0,0.0078,0.75,0.8688503899998068,5.074188719998347,"sign permutations, seed 42",,0.6552
time_to_key_seconds,delta_hand,control,10,10,0.7029484879999472,14.0,0.193359375,0.4909090909090909,-0.14577981687497893,1.946901220750135,"sign permutations, seed 42",,1.0
time_to_key_seconds,delta_hand,disease,5,5,-0.19689002000018263,6.0,0.8125,-0.2,-37.94165700099995,2.5803518492500075,"sign permutations, seed 42",,1.0
time_to_key_seconds,delta_hand,pooled,15,15,0.16086051799993584,46.0,0.444,0.23333333333333334,-0.3861120612500599,1.946901220750135,"sign permutations, seed 42",,1.0
time_to_key_seconds,delta_hand_closed,control,10,10,0.6569592525020198,15.0,0.232421875,0.45454545454545453,-0.33206709850014704,2.5058507040012046,"sign permutations, seed 42",,1.0
time_to_key_seconds,delta_hand_closed,disease,5,5,0.7151994714995453,7.0,1.0,0.06666666666666667,-26.27852401300015,4.624450487499985,"sign permutations, seed 42",,1.0
time_to_key_seconds,delta_hand_closed,pooled,15,15,0.6618113290005567,41.0,0.3052,0.31666666666666665,-0.382752930996503,2.5058507040012046,"sign permutations, seed 42",,1.0
time_to_key_seconds,delta_hand_open,control,10,10,0.25665869025033317,18.0,0.375,0.34545454545454546,-0.4487548124998284,2.00586579100127,"sign permutations, seed 42",,1.0
time_to_key_seconds,delta_hand_open,disease,5,5,-1.1089795114999106,2.0,0.1875,-0.7333333333333333,-49.604789988999755,0.5362532110000302,"sign permutations, seed 42",,1.0
time_to_key_seconds,delta_hand_open,pooled,15,15,-0.09564576349998788,58.0,0.9346,-0.03333333333333333,-0.7750948334999066,0.7575243255001851,"sign permutations, seed 42",,1.0
time_to_key_seconds,delta_vision,control,10,10,1.0311066351239333,0.0,0.001953125,1.0,0.5300659550011915,1.7793668852484075,"sign permutations, seed 42",,0.17578125
time_to_key_seconds,delta_vision,disease,5,5,1.8036566704997767,5.0,0.625,0.3333333333333333,-17.493075199999907,2.347579702749897,"sign permutations, seed 42",,1.0
time_to_key_seconds,delta_vision,pooled,15,15,1.1548574957500932,15.0,0.008,0.75,0.8523174730000846,1.8036566704997767,"sign permutations, seed 42",,0.664
time_to_key_seconds,delta_vision_dom,control,10,10,0.7809818902488814,7.0,0.037109375,0.7454545454545455,0.0648646439985896,1.7151915834999727,"sign permutations, seed 42",,1.0
time_to_key_seconds,delta_vision_dom,disease,5,5,0.8798726750001151,5.0,0.625,0.3333333333333333,-29.15620818799971,0.8915671790000488,"sign permutations, seed 42",,1.0
time_to_key_seconds,delta_vision_dom,pooled,15,15,0.7960890569975163,23.0,0.0328,0.6166666666666667,0.2886630259999947,0.891644071150085,"sign permutations, seed 42",,1.0
time_to_key_seconds,delta_vision_ndom,control,10,10,1.327768882500095,6.0,0.02734375,0.7818181818181819,0.5125103137502265,1.670915473499349,"sign permutations, seed 42",,1.0
time_to_key_seconds,delta_vision_ndom,disease,5,5,2.7157461619995047,5.0,0.625,0.3333333333333333,-5.829942212000105,4.391678340999874,"sign permutations, seed 42",,1.0
time_to_key_seconds,delta_vision_ndom,pooled,15,15,1.4981895340024494,22.0,0.0308,0.6333333333333333,0.5219093189989508,1.797990678998758,"sign permutations, seed 42",,1.0
